,Postnummer,Poststed
0,1,OSLO
1,10,OSLO
2,15,OSLO
3,18,OSLO
4,21,OSLO
5,24,OSLO
6,26,OSLO
7,28,OSLO
8,30,OSLO
9,31,OSLO
10,32,OSLO
11,33,OSLO
12,34,OSLO
13,37,OSLO
14,40,OSLO
15,45,OSLO
16,46,OSLO
17,47,OSLO
18,48,OSLO
19,50,OSLO
20,55,OSLO
21,60,OSLO
22,81,OSLO
23,101,OSLO
24,102,OSLO
25,103,OSLO
26,104,OSLO
27,105,OSLO
28,106,OSLO
29,107,OSLO
30,109,OSLO
31,110,OSLO
32,111,OSLO
33,112,OSLO
34,113,OSLO
35,114,OSLO
36,115,OSLO
37,116,OSLO
38,117,OSLO
39,118,OSLO
40,119,OSLO
41,120,OSLO
42,121,OSLO
43,122,OSLO
44,123,OSLO
45,124,OSLO
46,125,OSLO
47,128,OSLO
48,129,OSLO
49,130,OSLO
50,131,OSLO
51,132,OSLO
52,133,OSLO
53,134,OSLO
54,135,OSLO
55,136,OSLO
56,138,OSLO
57,139,OSLO
58,140,OSLO
59,150,OSLO
60,151,OSLO
61,152,OSLO
62,153,OSLO
63,154,OSLO
64,155,OSLO
65,157,OSLO
66,158,OSLO
67,159,OSLO
68,160,OSLO
69,161,OSLO
70,162,OSLO
71,164,OSLO
72,165,OSLO
73,166,OSLO
74,167,OSLO
75,168,OSLO
76,169,OSLO
77,170,OSLO
78,171,OSLO
79,172,OSLO
80,173,OSLO
81,174,OSLO
82,175,OSLO
83,176,OSLO
84,177,OSLO
85,178,OSLO
86,179,OSLO
87,180,OSLO
88,181,OSLO
89,182,OSLO
90,183,OSLO
91,184,OSLO
92,185,OSLO
93,186,OSLO
94,187,OSLO
95,188,OSLO
96,190,OSLO
97,191,OSLO
98,192,OSLO
99,193,OSLO
100,194,OSLO
101,195,OSLO
102,196,OSLO
103,198,OSLO
104,201,OSLO
105,202,OSLO
106,203,OSLO
107,204,OSLO
108,207,OSLO
109,208,OSLO
110,211,OSLO
111,212,OSLO
112,213,OSLO
113,214,OSLO
114,215,OSLO
115,216,OSLO
116,217,OSLO
117,218,OSLO
118,230,OSLO
119,240,OSLO
120,244,OSLO
121,247,OSLO
122,250,OSLO
123,251,OSLO
124,252,OSLO
125,253,OSLO
126,254,OSLO
127,255,OSLO
128,256,OSLO
129,257,OSLO
130,258,OSLO
131,259,OSLO
132,260,OSLO
133,262,OSLO
134,263,OSLO
135,264,OSLO
136,265,OSLO
137,266,OSLO
138,267,OSLO
139,268,OSLO
140,270,OSLO
141,271,OSLO
142,272,OSLO
143,273,OSLO
144,274,OSLO
145,275,OSLO
146,276,OSLO
147,277,OSLO
148,278,OSLO
149,279,OSLO
150,280,OSLO
151,281,OSLO
152,282,OSLO
153,283,OSLO
154,284,OSLO
155,286,OSLO
156,287,OSLO
157,301,OSLO
158,302,OSLO
159,303,OSLO
160,304,OSLO
161,305,OSLO
162,306,OSLO
163,307,OSLO
164,308,OSLO
165,309,OSLO
166,311,OSLO
167,313,OSLO
168,314,OSLO
169,315,OSLO
170,316,OSLO
171,317,OSLO
172,318,OSLO
173,319,OSLO
174,323,OSLO
175,330,OSLO
176,340,OSLO
177,349,OSLO
178,350,OSLO
179,351,OSLO
180,352,OSLO
181,353,OSLO
182,354,OSLO
183,355,OSLO
184,356,OSLO
185,357,OSLO
186,358,OSLO
187,359,OSLO
188,360,OSLO
189,361,OSLO
190,362,OSLO
191,363,OSLO
192,364,OSLO
193,365,OSLO
194,366,OSLO
195,367,OSLO
196,368,OSLO
197,369,OSLO
198,370,OSLO
199,371,OSLO
200,372,OSLO
201,373,OSLO
202,374,OSLO
203,375,OSLO
204,376,OSLO
205,377,OSLO
206,378,OSLO
207,379,OSLO
208,380,OSLO
209,381,OSLO
210,382,OSLO
211,383,OSLO
212,401,OSLO
213,402,OSLO
214,403,OSLO
215,404,OSLO
216,405,OSLO
217,406,OSLO
218,409,OSLO
219,410,OSLO
220,411,OSLO
221,412,OSLO
222,413,OSLO
223,415,OSLO
224,421,OSLO
225,422,OSLO
226,423,OSLO
227,424,OSLO
228,440,OSLO
229,441,OSLO
230,442,OSLO
231,445,OSLO
232,450,OSLO
233,451,OSLO
234,452,OSLO
235,454,OSLO
236,455,OSLO
237,456,OSLO
238,457,OSLO
239,458,OSLO
240,459,OSLO
241,460,OSLO
242,461,OSLO
243,462,OSLO
244,463,OSLO
245,464,OSLO
246,465,OSLO
247,467,OSLO
248,468,OSLO
249,469,OSLO
250,470,OSLO
251,472,OSLO
252,473,OSLO
253,474,OSLO
254,475,OSLO
255,476,OSLO
256,477,OSLO
257,478,OSLO
258,479,OSLO
259,480,OSLO
260,481,OSLO
261,482,OSLO
262,483,OSLO
263,484,OSLO
264,485,OSLO
265,486,OSLO
266,487,OSLO
267,488,OSLO
268,489,OSLO
269,490,OSLO
270,491,OSLO
271,492,OSLO
272,493,OSLO
273,494,OSLO
274,495,OSLO
275,496,OSLO
276,501,OSLO
277,502,OSLO
278,503,OSLO
279,504,OSLO
280,505,OSLO
281,506,OSLO
282,507,OSLO
283,508,OSLO
284,509,OSLO
285,510,OSLO
286,511,OSLO
287,512,OSLO
288,513,OSLO
289,515,OSLO
290,516,OSLO
291,517,OSLO
292,518,OSLO
293,520,OSLO
294,540,OSLO
295,550,OSLO
296,551,OSLO
297,552,OSLO
298,553,OSLO
299,554,OSLO
300,555,OSLO
301,556,OSLO
302,557,OSLO
303,558,OSLO
304,559,OSLO
305,560,OSLO
306,561,OSLO
307,562,OSLO
308,563,OSLO
309,564,OSLO
310,565,OSLO
311,566,OSLO
312,567,OSLO
313,568,OSLO
314,569,OSLO
315,570,OSLO
316,571,OSLO
317,572,OSLO
318,573,OSLO
319,574,OSLO
320,575,OSLO
321,576,OSLO
322,577,OSLO
323,578,OSLO
324,579,OSLO
325,580,OSLO
326,581,OSLO
327,582,OSLO
328,583,OSLO
329,584,OSLO
330,585,OSLO
331,586,OSLO
332,587,OSLO
333,588,OSLO
334,589,OSLO
335,590,OSLO
336,591,OSLO
337,592,OSLO
338,593,OSLO
339,594,OSLO
340,595,OSLO
341,596,OSLO
342,597,OSLO
343,598,OSLO
344,601,OSLO
345,602,OSLO
346,603,OSLO
347,604,OSLO
348,605,OSLO
349,606,OSLO
350,607,OSLO
351,608,OSLO
352,609,OSLO
353,611,OSLO
354,612,OSLO
355,613,OSLO
356,614,OSLO
357,615,OSLO
358,616,OSLO
359,617,OSLO
360,618,OSLO
361,619,OSLO
362,620,OSLO
363,621,OSLO
364,622,OSLO
365,623,OSLO
366,624,OSLO
367,626,OSLO
368,650,OSLO
369,651,OSLO
370,652,OSLO
371,653,OSLO
372,654,OSLO
373,655,OSLO
374,656,OSLO
375,657,OSLO
376,658,OSLO
377,659,OSLO
378,660,OSLO
379,661,OSLO
380,662,OSLO
381,663,OSLO
382,664,OSLO
383,665,OSLO
384,666,OSLO
385,667,OSLO
386,668,OSLO
387,669,OSLO
388,670,OSLO
389,671,OSLO
390,672,OSLO
391,673,OSLO
392,674,OSLO
393,675,OSLO
394,676,OSLO
395,677,OSLO
396,678,OSLO
397,679,OSLO
398,680,OSLO
399,681,OSLO
400,682,OSLO
401,683,OSLO
402,684,OSLO
403,685,OSLO
404,686,OSLO
405,687,OSLO
406,688,OSLO
407,689,OSLO
408,690,OSLO
409,691,OSLO
410,692,OSLO
411,693,OSLO
412,694,OSLO
413,701,OSLO
414,702,OSLO
415,705,OSLO
416,710,OSLO
417,712,OSLO
418,750,OSLO
419,751,OSLO
420,752,OSLO
421,753,OSLO
422,754,OSLO
423,755,OSLO
424,756,OSLO
425,757,OSLO
426,758,OSLO
427,760,OSLO
428,763,OSLO
429,764,OSLO
430,765,OSLO
431,766,OSLO
432,767,OSLO
433,768,OSLO
434,770,OSLO
435,771,OSLO
436,772,OSLO
437,773,OSLO
438,774,OSLO
439,775,OSLO
440,776,OSLO
441,777,OSLO
442,778,OSLO
443,779,OSLO
444,781,OSLO
445,782,OSLO
446,783,OSLO
447,784,OSLO
448,785,OSLO
449,786,OSLO
450,787,OSLO
451,788,OSLO
452,789,OSLO
453,790,OSLO
454,791,OSLO
455,801,OSLO
456,805,OSLO
457,806,OSLO
458,807,OSLO
459,840,OSLO
460,850,OSLO
461,851,OSLO
462,852,OSLO
463,853,OSLO
464,854,OSLO
465,855,OSLO
466,856,OSLO
467,857,OSLO
468,858,OSLO
469,860,OSLO
470,861,OSLO
471,862,OSLO
472,863,OSLO
473,864,OSLO
474,870,OSLO
475,871,OSLO
476,872,OSLO
477,873,OSLO
478,874,OSLO
479,875,OSLO
480,876,OSLO
481,877,OSLO
482,880,OSLO
483,881,OSLO
484,882,OSLO
485,883,OSLO
486,884,OSLO
487,890,OSLO
488,891,OSLO
489,901,OSLO
490,902,OSLO
491,903,OSLO
492,904,OSLO
493,905,OSLO
494,907,OSLO
495,908,OSLO
496,913,OSLO
497,914,OSLO
498,915,OSLO
499,950,OSLO
500,951,OSLO
501,952,OSLO
502,953,OSLO
503,954,OSLO
504,955,OSLO
505,956,OSLO
506,957,OSLO
507,958,OSLO
508,959,OSLO
509,960,OSLO
510,962,OSLO
511,963,OSLO
512,964,OSLO
513,968,OSLO
514,969,OSLO
515,970,OSLO
516,971,OSLO
517,972,OSLO
518,973,OSLO
519,975,OSLO
520,976,OSLO
521,977,OSLO
522,978,OSLO
523,979,OSLO
524,980,OSLO
525,981,OSLO
526,982,OSLO
527,983,OSLO
528,984,OSLO
529,985,OSLO
530,986,OSLO
531,987,OSLO
532,988,OSLO
533,1001,OSLO
534,1003,OSLO
535,1005,OSLO
536,1006,OSLO
537,1007,OSLO
538,1008,OSLO
539,1009,OSLO
540,1011,OSLO
541,1051,OSLO
542,1052,OSLO
543,1053,OSLO
544,1054,OSLO
545,1055,OSLO
546,1056,OSLO
547,1061,OSLO
548,1062,OSLO
549,1063,OSLO
550,1064,OSLO
551,1065,OSLO
552,1067,OSLO
553,1068,OSLO
554,1069,OSLO
555,1071,OSLO
556,1081,OSLO
557,1083,OSLO
558,1084,OSLO
559,1086,OSLO
560,1087,OSLO
561,1088,OSLO
562,1089,OSLO
563,1101,OSLO
564,1102,OSLO
565,1108,OSLO
566,1109,OSLO
567,1112,OSLO
568,1150,OSLO
569,1151,OSLO
570,1152,OSLO
571,1153,OSLO
572,1154,OSLO
573,1155,OSLO
574,1156,OSLO
575,1157,OSLO
576,1158,OSLO
577,1160,OSLO
578,1161,OSLO
579,1162,OSLO
580,1163,OSLO
581,1164,OSLO
582,1165,OSLO
583,1166,OSLO
584,1167,OSLO
585,1168,OSLO
586,1169,OSLO
587,1170,OSLO
588,1172,OSLO
589,1176,OSLO
590,1177,OSLO
591,1178,OSLO
592,1179,OSLO
593,1181,OSLO
594,1182,OSLO
595,1184,OSLO
596,1185,OSLO
597,1187,OSLO
598,1188,OSLO
599,1189,OSLO
600,1201,OSLO
601,1203,OSLO
602,1204,OSLO
603,1205,OSLO
604,1207,OSLO
605,1214,OSLO
606,1215,OSLO
607,1250,OSLO
608,1251,OSLO
609,1252,OSLO
610,1253,OSLO
611,1254,OSLO
612,1255,OSLO
613,1256,OSLO
614,1257,OSLO
615,1258,OSLO
616,1259,OSLO
617,1262,OSLO
618,1263,OSLO
619,1266,OSLO
620,1270,OSLO
621,1271,OSLO
622,1272,OSLO
623,1273,OSLO
624,1274,OSLO
625,1275,OSLO
626,1278,OSLO
627,1279,OSLO
628,1281,OSLO
629,1283,OSLO
630,1284,OSLO
631,1285,OSLO
632,1286,OSLO
633,1290,OSLO
634,1291,OSLO
635,1294,OSLO
636,1295,OSLO
637,1300,SANDVIKA
638,1301,SANDVIKA
639,1302,SANDVIKA
640,1303,SANDVIKA
641,1304,SANDVIKA
642,1305,HASLUM
643,1306,SANDVIKA
644,1307,FORNEBU
645,1308,JAR
646,1309,RUD
647,1311,HØVIKODDEN
648,1312,SLEPENDEN
649,1313,VØYENENGA
650,1314,VØYENENGA
651,1316,EIKSMARKA
652,1317,BÆRUMS VERK
653,1318,BEKKESTUA
654,1319,BEKKESTUA
655,1321,STABEKK
656,1322,HØVIK
657,1323,HØVIK
658,1324,LYSAKER
659,1325,LYSAKER
660,1326,LYSAKER
661,1327,LYSAKER
662,1328,HØVIK
663,1329,LOMMEDALEN
664,1330,FORNEBU
665,1331,FORNEBU
666,1332,ØSTERÅS
667,1333,KOLSÅS
668,1334,RYKKINN
669,1335,SNARØYA
670,1336,SANDVIKA
671,1337,SANDVIKA
672,1338,SANDVIKA
673,1339,VØYENENGA
674,1340,SKUI
675,1341,SLEPENDEN
676,1342,GJETTUM
677,1344,HASLUM
678,1346,GJETTUM
679,1348,RYKKINN
680,1349,RYKKINN
681,1350,LOMMEDALEN
682,1351,RUD
683,1352,KOLSÅS
684,1353,BÆRUMS VERK
685,1354,BÆRUMS VERK
686,1356,BEKKESTUA
687,1357,BEKKESTUA
688,1358,JAR
689,1359,EIKSMARKA
690,1360,FORNEBU
691,1361,ØSTERÅS
692,1362,HOSLE
693,1363,HØVIK
694,1364,FORNEBU
695,1365,BLOMMENHOLM
696,1366,LYSAKER
697,1367,SNARØYA
698,1368,STABEKK
699,1369,STABEKK
700,1371,ASKER
701,1372,ASKER
702,1373,ASKER
703,1375,BILLINGSTAD
704,1376,BILLINGSTAD
705,1377,BILLINGSTAD
706,1378,NESBRU
707,1379,NESBRU
708,1380,HEGGEDAL
709,1381,VETTRE
710,1383,ASKER
711,1384,ASKER
712,1385,ASKER
713,1386,ASKER
714,1387,ASKER
715,1388,BORGEN
716,1389,HEGGEDAL
717,1390,VOLLEN
718,1391,VOLLEN
719,1392,VETTRE
720,1393,VOLLEN
721,1394,NESBRU
722,1395,HVALSTAD
723,1396,BILLINGSTAD
724,1397,NESØYA
725,1399,ASKER
726,1400,SKI
727,1401,SKI
728,1402,SKI
729,1403,LANGHUS
730,1404,SIGGERUD
731,1405,LANGHUS
732,1406,SKI
733,1407,VINTERBRO
734,1408,KRÅKSTAD
735,1409,SKOTBU
736,1410,KOLBOTN
737,1411,KOLBOTN
738,1412,SOFIEMYR
739,1413,TÅRNÅSEN
740,1414,TROLLÅSEN
741,1415,OPPEGÅRD
742,1416,OPPEGÅRD
743,1417,SOFIEMYR
744,1418,KOLBOTN
745,1419,OPPEGÅRD
746,1420,SVARTSKOG
747,1421,TROLLÅSEN
748,1422,SIGGERUD
749,1423,SKI
750,1424,SKI
751,1425,SKI
752,1429,VINTERBRO
753,1430,ÅS
754,1431,ÅS
755,1432,ÅS
756,1433,ÅS
757,1434,ÅS
758,1435,ÅS
759,1440,DRØBAK
760,1441,DRØBAK
761,1442,DRØBAK
762,1443,DRØBAK
763,1444,DRØBAK
764,1445,DRØBAK
765,1446,DRØBAK
766,1447,DRØBAK
767,1448,DRØBAK
768,1449,DRØBAK
769,1450,NESODDTANGEN
770,1451,NESODDTANGEN
771,1452,NESODDTANGEN
772,1453,BJØRNEMYR
773,1454,FAGERSTRAND
774,1455,NORDRE FROGN
775,1456,NESODDTANGEN
776,1457,FAGERSTRAND
777,1458,FJELLSTRAND
778,1459,NESODDEN
779,1461,LØRENSKOG
780,1462,FJELLHAMAR
781,1463,FJELLHAMAR
782,1464,FJELLHAMAR
783,1465,STRØMMEN
784,1466,STRØMMEN
785,1467,STRØMMEN
786,1468,FINSTADJORDET
787,1469,RASTA
788,1470,LØRENSKOG
789,1471,LØRENSKOG
790,1472,FJELLHAMAR
791,1473,LØRENSKOG
792,1474,LØRENSKOG
793,1475,FINSTADJORDET
794,1476,RASTA
795,1477,FJELLHAMAR
796,1478,LØRENSKOG
797,1479,KURLAND
798,1480,SLATTUM
799,1481,HAGAN
800,1482,NITTEDAL
801,1483,HAGAN
802,1484,HAKADAL
803,1485,HAKADAL
804,1486,NITTEDAL
805,1487,HAKADAL
806,1488,HAKADAL
807,1501,MOSS
808,1502,MOSS
809,1503,MOSS
810,1504,MOSS
811,1506,MOSS
812,1508,MOSS
813,1509,MOSS
814,1510,MOSS
815,1511,MOSS
816,1512,MOSS
817,1513,MOSS
818,1514,MOSS
819,1515,MOSS
820,1516,MOSS
821,1517,MOSS
822,1518,MOSS
823,1519,MOSS
824,1520,MOSS
825,1521,MOSS
826,1522,MOSS
827,1523,MOSS
828,1524,MOSS
829,1525,MOSS
830,1526,MOSS
831,1528,MOSS
832,1529,MOSS
833,1530,MOSS
834,1531,MOSS
835,1532,MOSS
836,1533,MOSS
837,1534,MOSS
838,1535,MOSS
839,1536,MOSS
840,1537,MOSS
841,1538,MOSS
842,1539,MOSS
843,1540,VESTBY
844,1541,VESTBY
845,1542,VESTBY
846,1543,VESTBY
847,1544,VESTBY
848,1545,HVITSTEN
849,1550,HØLEN
850,1555,SON
851,1556,SON
852,1560,LARKOLLEN
853,1561,LARKOLLEN
854,1570,DILLING
855,1580,RYGGE
856,1581,RYGGE
857,1590,RYGGE
858,1591,SPERREBOTN
859,1592,VÅLER I ØSTFOLD
860,1593,SVINNDAL
861,1594,VÅLER I ØSTFOLD
862,1596,MOSS
863,1597,MOSS
864,1598,MOSS
865,1599,MOSS
866,1601,FREDRIKSTAD
867,1602,FREDRIKSTAD
868,1604,FREDRIKSTAD
869,1605,FREDRIKSTAD
870,1606,FREDRIKSTAD
871,1607,FREDRIKSTAD
872,1608,FREDRIKSTAD
873,1609,FREDRIKSTAD
874,1610,FREDRIKSTAD
875,1612,FREDRIKSTAD
876,1613,FREDRIKSTAD
877,1614,FREDRIKSTAD
878,1615,FREDRIKSTAD
879,1616,FREDRIKSTAD
880,1617,FREDRIKSTAD
881,1618,FREDRIKSTAD
882,1619,FREDRIKSTAD
883,1620,GRESSVIK
884,1621,GRESSVIK
885,1622,GRESSVIK
886,1623,GRESSVIK
887,1624,GRESSVIK
888,1625,MANSTAD
889,1626,MANSTAD
890,1628,ENGELSVIKEN
891,1629,GAMLE FREDRIKSTAD
892,1630,GAMLE FREDRIKSTAD
893,1632,GAMLE FREDRIKSTAD
894,1633,GAMLE FREDRIKSTAD
895,1634,GAMLE FREDRIKSTAD
896,1636,GAMLE FREDRIKSTAD
897,1637,GAMLE FREDRIKSTAD
898,1638,GAMLE FREDRIKSTAD
899,1639,GAMLE FREDRIKSTAD
900,1640,RÅDE
901,1641,RÅDE
902,1642,SALTNES
903,1643,RÅDE
904,1650,SELLEBAKK
905,1651,SELLEBAKK
906,1653,SELLEBAKK
907,1654,SELLEBAKK
908,1655,SELLEBAKK
909,1657,TORP
910,1658,TORP
911,1659,TORP
912,1661,ROLVSØY
913,1662,ROLVSØY
914,1663,ROLVSØY
915,1664,ROLVSØY
916,1665,ROLVSØY
917,1666,ROLVSØY
918,1667,ROLVSØY
919,1670,KRÅKERØY
920,1671,KRÅKERØY
921,1672,KRÅKERØY
922,1673,KRÅKERØY
923,1675,KRÅKERØY
924,1676,KRÅKERØY
925,1678,KRÅKERØY
926,1679,KRÅKERØY
927,1680,SKJÆRHALDEN
928,1682,SKJÆRHALDEN
929,1683,VESTERØY
930,1684,VESTERØY
931,1690,HERFØL
932,1692,NEDGÅRDEN
933,1701,SARPSBORG
934,1702,SARPSBORG
935,1703,SARPSBORG
936,1704,SARPSBORG
937,1705,SARPSBORG
938,1706,SARPSBORG
939,1707,SARPSBORG
940,1708,SARPSBORG
941,1709,SARPSBORG
942,1710,SARPSBORG
943,1711,SARPSBORG
944,1712,GRÅLUM
945,1713,GRÅLUM
946,1714,GRÅLUM
947,1715,YVEN
948,1718,GREÅKER
949,1719,GREÅKER
950,1720,GREÅKER
951,1721,SARPSBORG
952,1722,SARPSBORG
953,1723,SARPSBORG
954,1724,SARPSBORG
955,1725,SARPSBORG
956,1726,SARPSBORG
957,1727,SARPSBORG
958,1730,ISE
959,1733,HAFSLUNDSØY
960,1734,HAFSLUNDSØY
961,1735,VARTEIG
962,1738,BORGENHAUGEN
963,1739,BORGENHAUGEN
964,1740,BORGENHAUGEN
965,1742,KLAVESTADHAUGEN
966,1743,KLAVESTADHAUGEN
967,1745,SKJEBERG
968,1746,SKJEBERG
969,1747,SKJEBERG
970,1751,HALDEN
971,1752,HALDEN
972,1753,HALDEN
973,1754,HALDEN
974,1757,HALDEN
975,1759,HALDEN
976,1760,HALDEN
977,1761,HALDEN
978,1762,HALDEN
979,1763,HALDEN
980,1764,HALDEN
981,1765,HALDEN
982,1766,HALDEN
983,1767,HALDEN
984,1768,HALDEN
985,1769,HALDEN
986,1771,HALDEN
987,1772,HALDEN
988,1776,HALDEN
989,1777,HALDEN
990,1778,HALDEN
991,1779,HALDEN
992,1781,HALDEN
993,1782,HALDEN
994,1783,HALDEN
995,1784,HALDEN
996,1785,HALDEN
997,1786,HALDEN
998,1787,HALDEN
999,1788,HALDEN
1000,1789,BERG I ØSTFOLD
1001,1790,TISTEDAL
1002,1791,TISTEDAL
1003,1792,TISTEDAL
1004,1793,TISTEDAL
1005,1794,SPONVIKA
1006,1796,KORNSJØ
1007,1798,AREMARK
1008,1799,AREMARK
1009,1801,ASKIM
1010,1802,ASKIM
1011,1803,ASKIM
1012,1804,SPYDEBERG
1013,1805,TOMTER
1014,1806,SKIPTVET
1015,1807,ASKIM
1016,1808,ASKIM
1017,1809,ASKIM
1018,1811,ASKIM
1019,1812,ASKIM
1020,1813,ASKIM
1021,1814,ASKIM
1022,1815,ASKIM
1023,1816,SKIPTVET
1024,1820,SPYDEBERG
1025,1821,SPYDEBERG
1026,1823,KNAPSTAD
1027,1825,TOMTER
1028,1827,HOBØL
1029,1828,HOBØL
1030,1830,ASKIM
1031,1831,ASKIM
1032,1832,ASKIM
1033,1833,ASKIM
1034,1850,MYSEN
1035,1851,MYSEN
1036,1852,MYSEN
1037,1859,SLITU
1038,1860,TRØGSTAD
1039,1861,TRØGSTAD
1040,1866,BÅSTAD
1041,1867,BÅSTAD
1042,1870,ØRJE
1043,1871,ØRJE
1044,1875,OTTEID
1045,1878,HÆRLAND
1046,1880,EIDSBERG
1047,1890,RAKKESTAD
1048,1891,RAKKESTAD
1049,1892,DEGERNES
1050,1893,DEGERNES
1051,1894,RAKKESTAD
1052,1900,FETSUND
1053,1901,FETSUND
1054,1903,GAN
1055,1910,ENEBAKKNESET
1056,1911,FLATEBY
1057,1912,ENEBAKK
1058,1914,YTRE ENEBAKK
1059,1916,FLATEBY
1060,1917,YTRE ENEBAKK
1061,1920,SØRUMSAND
1062,1921,SØRUMSAND
1063,1923,SØRUM
1064,1924,SØRUM
1065,1925,BLAKER
1066,1926,BLAKER
1067,1927,RÅNÅSFOSS
1068,1928,AULI
1069,1929,AULI
1070,1930,AURSKOG
1071,1931,AURSKOG
1072,1940,BJØRKELANGEN
1073,1941,BJØRKELANGEN
1074,1950,RØMSKOG
1075,1951,RØMSKOG
1076,1954,SETSKOG
1077,1960,LØKEN
1078,1961,LØKEN
1079,1963,FOSSER
1080,1970,HEMNES
1081,1971,HEMNES
1082,2000,LILLESTRØM
1083,2001,LILLESTRØM
1084,2003,LILLESTRØM
1085,2004,LILLESTRØM
1086,2005,RÆLINGEN
1087,2006,LØVENSTAD
1088,2007,KJELLER
1089,2008,FJERDINGBY
1090,2009,NORDBY
1091,2010,STRØMMEN
1092,2011,STRØMMEN
1093,2012,LILLESTRØM
1094,2013,SKJETTEN
1095,2014,BLYSTADLIA
1096,2015,LEIRSUND
1097,2016,FROGNER
1098,2017,FROGNER
1099,2018,LØVENSTAD
1100,2019,SKEDSMOKORSET
1101,2020,SKEDSMOKORSET
1102,2021,SKEDSMOKORSET
1103,2022,GJERDRUM
1104,2023,SKEDSMOKORSET
1105,2024,GJERDRUM
1106,2025,FJERDINGBY
1107,2026,SKJETTEN
1108,2027,KJELLER
1109,2028,LILLESTRØM
1110,2029,RÆLINGEN
1111,2030,NANNESTAD
1112,2031,NANNESTAD
1113,2032,MAURA
1114,2033,ÅSGREINA
1115,2034,HOLTER
1116,2035,HOLTER
1117,2036,MAURA
1118,2040,KLØFTA
1119,2041,KLØFTA
1120,2050,JESSHEIM
1121,2051,JESSHEIM
1122,2052,JESSHEIM
1123,2053,JESSHEIM
1124,2054,MOGREINA
1125,2055,NORDKISA
1126,2056,ALGARHEIM
1127,2057,JESSHEIM
1128,2058,SESSVOLLMOEN
1129,2060,GARDERMOEN
1130,2061,GARDERMOEN
1131,2062,JESSHEIM
1132,2063,JESSHEIM
1133,2066,JESSHEIM
1134,2067,JESSHEIM
1135,2068,JESSHEIM
1136,2069,JESSHEIM
1137,2070,RÅHOLT
1138,2071,RÅHOLT
1139,2072,DAL
1140,2073,BØN
1141,2074,EIDSVOLL VERK
1142,2076,DAL
1143,2080,EIDSVOLL
1144,2081,EIDSVOLL
1145,2090,HURDAL
1146,2091,HURDAL
1147,2092,MINNESUND
1148,2093,FEIRING
1149,2094,MINNESUND
1150,2100,SKARNES
1151,2101,SKARNES
1152,2110,SLÅSTAD
1153,2114,DISENÅ
1154,2116,SANDER
1155,2120,SAGSTUA
1156,2121,SAGSTUA
1157,2123,BRUVOLL
1158,2130,KNAPPER
1159,2132,GARDVIK
1160,2133,GARDVIK
1161,2134,AUSTVATN
1162,2150,ÅRNES
1163,2151,ÅRNES
1164,2160,VORMSUND
1165,2161,VORMSUND
1166,2162,BRÅRUD
1167,2163,SKOGBYGDA
1168,2164,SKOGBYGDA
1169,2165,HVAM
1170,2166,OPPAKER
1171,2167,HVAM
1172,2170,FENSTAD
1173,2201,KONGSVINGER
1174,2202,KONGSVINGER
1175,2203,KONGSVINGER
1176,2204,KONGSVINGER
1177,2205,KONGSVINGER
1178,2206,KONGSVINGER
1179,2207,KONGSVINGER
1180,2208,KONGSVINGER
1181,2209,KONGSVINGER
1182,2210,GRANLI
1183,2211,KONGSVINGER
1184,2212,KONGSVINGER
1185,2213,KONGSVINGER
1186,2214,KONGSVINGER
1187,2215,ROVERUD
1188,2216,ROVERUD
1189,2217,HOKKÅSEN
1190,2218,LUNDERSÆTER
1191,2219,BRANDVAL
1192,2220,ÅBOGEN
1193,2223,GALTERUD
1194,2224,AUSTMARKA
1195,2225,KONGSVINGER
1196,2226,KONGSVINGER
1197,2227,AUSTMARKA
1198,2230,SKOTTERUD
1199,2231,SKOTTERUD
1200,2232,TOBØL
1201,2233,VESTMARKA
1202,2235,MATRAND
1203,2240,MAGNOR
1204,2241,MAGNOR
1205,2251,GRUE FINNSKOG
1206,2256,GRUE FINNSKOG
1207,2260,KIRKENÆR
1208,2261,KIRKENÆR
1209,2264,GRINDER
1210,2265,NAMNÅ
1211,2266,ARNEBERG
1212,2270,FLISA
1213,2271,FLISA
1214,2280,GJESÅSEN
1215,2283,ÅSNES FINNSKOG
1216,2301,HAMAR
1217,2302,HAMAR
1218,2303,HAMAR
1219,2304,HAMAR
1220,2305,HAMAR
1221,2306,HAMAR
1222,2307,HAMAR
1223,2308,HAMAR
1224,2309,HAMAR
1225,2311,HAMAR
1226,2312,OTTESTAD
1227,2313,OTTESTAD
1228,2314,OTTESTAD
1229,2315,HAMAR
1230,2316,HAMAR
1231,2317,HAMAR
1232,2318,HAMAR
1233,2319,HAMAR
1234,2320,FURNES
1235,2321,HAMAR
1236,2322,RIDABU
1237,2323,INGEBERG
1238,2324,VANG PÅ HEDMARKEN
1239,2325,HAMAR
1240,2326,HAMAR
1241,2327,FURNES
1242,2328,RIDABU
1243,2329,VANG PÅ HEDMARKEN
1244,2330,VALLSET
1245,2331,VALLSET
1246,2332,ÅSVANG
1247,2333,ROMEDAL
1248,2334,ROMEDAL
1249,2335,STANGE
1250,2336,STANGE
1251,2337,TANGEN
1252,2338,ESPA
1253,2339,TANGEN
1254,2340,LØTEN
1255,2341,LØTEN
1256,2344,ILSENG
1257,2345,ÅDALSBRUK
1258,2346,ILSENG
1259,2350,NES PÅ HEDMARKEN
1260,2351,NES PÅ HEDMARKEN
1261,2353,STAVSJØ
1262,2355,GAUPEN
1263,2360,RUDSHØGDA
1264,2361,RUDSHØGDA
1265,2364,NÆROSET
1266,2365,ÅSMARKA
1267,2372,BRØTTUM
1268,2373,BRØTTUM
1269,2380,BRUMUNDDAL
1270,2381,BRUMUNDDAL
1271,2382,BRUMUNDDAL
1272,2383,BRUMUNDDAL
1273,2384,BRUMUNDDAL
1274,2385,BRUMUNDDAL
1275,2386,BRUMUNDDAL
1276,2387,BRUMUNDDAL
1277,2388,BRUMUNDDAL
1278,2389,BRUMUNDDAL
1279,2390,MOELV
1280,2391,MOELV
1281,2401,ELVERUM
1282,2402,ELVERUM
1283,2403,ELVERUM
1284,2404,ELVERUM
1285,2405,ELVERUM
1286,2406,ELVERUM
1287,2407,ELVERUM
1288,2408,ELVERUM
1289,2409,ELVERUM
1290,2410,HERNES
1291,2411,ELVERUM
1292,2412,SØRSKOGBYGDA
1293,2413,ELVERUM
1294,2414,ELVERUM
1295,2415,HERADSBYGD
1296,2416,JØMNA
1297,2417,ELVERUM
1298,2418,ELVERUM
1299,2419,ELVERUM
1300,2420,TRYSIL
1301,2421,TRYSIL
1302,2422,NYBERGSUND
1303,2423,ØSTBY
1304,2424,ØSTBY
1305,2425,LJØRDALEN
1306,2426,LJØRDALEN
1307,2427,PLASSEN
1308,2428,SØRE OSEN
1309,2429,TØRBERGET
1310,2430,JORDET
1311,2432,SLETTÅS
1312,2434,BRASKEREIDFOSS
1313,2435,BRASKEREIDFOSS
1314,2436,VÅLER I SOLØR
1315,2437,HASLEMOEN
1316,2438,GRAVBERGET
1317,2440,ENGERDAL
1318,2441,ENGERDAL
1319,2442,HERADSBYGD
1320,2443,DREVSJØ
1321,2444,DREVSJØ
1322,2446,ELGÅ
1323,2447,SØRE OSEN
1324,2448,SØMÅDALEN
1325,2450,RENA
1326,2451,RENA
1327,2460,OSEN
1328,2461,OSEN
1329,2476,ATNA
1330,2477,SOLLIA
1331,2478,HANESTAD
1332,2480,KOPPANG
1333,2481,KOPPANG
1334,2484,RENDALEN
1335,2485,RENDALEN
1336,2486,RENDALEN
1337,2487,RENDALEN
1338,2488,RENDALEN
1339,2500,TYNSET
1340,2501,TYNSET
1341,2510,TYLLDALEN
1342,2512,KVIKNE
1343,2513,KVIKNE
1344,2540,TOLGA
1345,2541,TOLGA
1346,2542,VINGELEN
1347,2544,ØVERSJØDALEN
1348,2550,OS I ØSTERDALEN
1349,2551,OS I ØSTERDALEN
1350,2552,DALSBYGDA
1351,2555,TUFSINGDALEN
1352,2560,ALVDAL
1353,2561,ALVDAL
1354,2580,FOLLDAL
1355,2581,FOLLDAL
1356,2582,GRIMSBU
1357,2584,DALHOLEN
1358,2601,LILLEHAMMER
1359,2602,LILLEHAMMER
1360,2603,LILLEHAMMER
1361,2604,LILLEHAMMER
1362,2605,LILLEHAMMER
1363,2606,LILLEHAMMER
1364,2607,VINGROM
1365,2608,LILLEHAMMER
1366,2609,LILLEHAMMER
1367,2610,MESNALI
1368,2611,LILLEHAMMER
1369,2612,SJUSJØEN
1370,2613,LILLEHAMMER
1371,2614,LILLEHAMMER
1372,2615,LILLEHAMMER
1373,2616,LISMARKA
1374,2617,LILLEHAMMER
1375,2618,LILLEHAMMER
1376,2619,LILLEHAMMER
1377,2620,MESNALI
1378,2621,VINGROM
1379,2622,LILLEHAMMER
1380,2623,LILLEHAMMER
1381,2624,LILLEHAMMER
1382,2625,FÅBERG
1383,2626,LILLEHAMMER
1384,2627,FÅBERG
1385,2628,SJUSJØEN
1386,2629,LILLEHAMMER
1387,2630,RINGEBU
1388,2631,RINGEBU
1389,2632,VENABYGD
1390,2633,FÅVANG
1391,2634,FÅVANG
1392,2635,TRETTEN
1393,2636,ØYER
1394,2637,ØYER
1395,2638,TRETTEN
1396,2639,VINSTRA
1397,2640,VINSTRA
1398,2641,KVAM
1399,2642,KVAM
1400,2643,SKÅBU
1401,2644,SKÅBU
1402,2645,SØR-FRON
1403,2646,GÅLÅ
1404,2647,SØR-FRON
1405,2648,SØR-FRON
1406,2649,ØSTRE GAUSDAL
1407,2651,ØSTRE GAUSDAL
1408,2652,SVINGVOLL
1409,2653,VESTRE GAUSDAL
1410,2654,VESTRE GAUSDAL
1411,2656,FOLLEBU
1412,2657,SVATSUM
1413,2658,ESPEDALEN
1414,2659,DOMBÅS
1415,2660,DOMBÅS
1416,2661,HJERKINN
1417,2662,DOVRE
1418,2663,DOVRESKOGEN
1419,2664,DOVRE
1420,2665,LESJA
1421,2666,LORA
1422,2667,LESJAVERK
1423,2668,LESJASKOG
1424,2669,BJORLI
1425,2670,OTTA
1426,2671,LESJA
1427,2672,SEL
1428,2673,HØVRINGEN
1429,2674,MYSUSÆTER
1430,2675,OTTA
1431,2676,HEIDAL
1432,2677,NEDRE HEIDAL
1433,2678,SEL
1434,2679,HEIDAL
1435,2680,VÅGÅ
1436,2681,LALM
1437,2682,LALM
1438,2683,TESSANDEN
1439,2684,VÅGÅ
1440,2685,GARMO
1441,2686,LOM
1442,2687,BØVERDALEN
1443,2688,LOM
1444,2690,SKJÅK
1445,2693,NORDBERG
1446,2694,SKJÅK
1447,2695,GROTLI
1448,2711,GRAN
1449,2712,BRANDBU
1450,2713,ROA
1451,2714,JAREN
1452,2715,LUNNER
1453,2716,HARESTUA
1454,2717,GRUA
1455,2718,BRANDBU
1456,2720,GRINDVOLL
1457,2730,LUNNER
1458,2740,ROA
1459,2742,GRUA
1460,2743,HARESTUA
1461,2750,GRAN
1462,2760,BRANDBU
1463,2770,JAREN
1464,2801,GJØVIK
1465,2802,GJØVIK
1466,2803,GJØVIK
1467,2804,GJØVIK
1468,2805,GJØVIK
1469,2806,GJØVIK
1470,2807,HUNNDALEN
1471,2808,GJØVIK
1472,2809,GJØVIK
1473,2810,GJØVIK
1474,2811,HUNNDALEN
1475,2812,GJØVIK
1476,2815,GJØVIK
1477,2816,GJØVIK
1478,2817,GJØVIK
1479,2818,GJØVIK
1480,2819,GJØVIK
1481,2820,NORDRE TOTEN
1482,2821,GJØVIK
1483,2822,BYBRUA
1484,2825,GJØVIK
1485,2827,HUNNDALEN
1486,2830,RAUFOSS
1487,2831,RAUFOSS
1488,2832,BIRI
1489,2833,RAUFOSS
1490,2834,RAUFOSS
1491,2835,RAUFOSS
1492,2836,BIRI
1493,2837,BIRISTRAND
1494,2838,SNERTINGDAL
1495,2839,ØVRE SNERTINGDAL
1496,2840,REINSVOLL
1497,2841,SNERTINGDAL
1498,2843,EINA
1499,2844,KOLBU
1500,2845,BØVERBRU
1501,2846,BØVERBRU
1502,2847,KOLBU
1503,2848,SKREIA
1504,2849,KAPP
1505,2850,LENA
1506,2851,LENA
1507,2853,REINSVOLL
1508,2854,EINA
1509,2857,SKREIA
1510,2858,KAPP
1511,2860,HOV
1512,2861,LANDÅSBYGDA
1513,2862,FLUBERG
1514,2863,VESTSIDA
1515,2864,FALL
1516,2866,ENGER
1517,2867,HOV
1518,2870,DOKKA
1519,2879,ODNES
1520,2880,NORD-TORPA
1521,2881,AUST-TORPA
1522,2882,DOKKA
1523,2890,ETNEDAL
1524,2893,ETNEDAL
1525,2900,FAGERNES
1526,2901,FAGERNES
1527,2907,LEIRA I VALDRES
1528,2909,AURDAL
1529,2910,AURDAL
1530,2917,SKRAUTVÅL
1531,2918,ULNES
1532,2920,LEIRA I VALDRES
1533,2923,TISLEIDALEN
1534,2929,BAGN
1535,2930,BAGN
1536,2933,REINLI
1537,2936,BEGNADALEN
1538,2937,BEGNA
1539,2939,HEGGENES
1540,2940,HEGGENES
1541,2943,ROGNE
1542,2950,SKAMMESTEIN
1543,2952,BEITO
1544,2953,BEITOSTØLEN
1545,2954,BEITOSTØLEN
1546,2959,RØN
1547,2960,RØN
1548,2965,SLIDRE
1549,2966,SLIDRE
1550,2967,LOMEN
1551,2972,RYFOSS
1552,2973,RYFOSS
1553,2974,VANG I VALDRES
1554,2975,VANG I VALDRES
1555,2977,ØYE
1556,2985,TYINKRYSSET
1557,3001,DRAMMEN
1558,3002,DRAMMEN
1559,3003,DRAMMEN
1560,3004,DRAMMEN
1561,3005,DRAMMEN
1562,3006,DRAMMEN
1563,3007,DRAMMEN
1564,3008,DRAMMEN
1565,3009,DRAMMEN
1566,3010,DRAMMEN
1567,3011,DRAMMEN
1568,3012,DRAMMEN
1569,3013,DRAMMEN
1570,3014,DRAMMEN
1571,3015,DRAMMEN
1572,3016,DRAMMEN
1573,3017,DRAMMEN
1574,3018,DRAMMEN
1575,3019,DRAMMEN
1576,3021,DRAMMEN
1577,3022,DRAMMEN
1578,3023,DRAMMEN
1579,3024,DRAMMEN
1580,3025,DRAMMEN
1581,3026,DRAMMEN
1582,3027,DRAMMEN
1583,3028,DRAMMEN
1584,3029,DRAMMEN
1585,3030,DRAMMEN
1586,3031,DRAMMEN
1587,3032,DRAMMEN
1588,3033,DRAMMEN
1589,3034,DRAMMEN
1590,3035,DRAMMEN
1591,3036,DRAMMEN
1592,3037,DRAMMEN
1593,3038,DRAMMEN
1594,3039,DRAMMEN
1595,3040,DRAMMEN
1596,3041,DRAMMEN
1597,3042,DRAMMEN
1598,3043,DRAMMEN
1599,3044,DRAMMEN
1600,3045,DRAMMEN
1601,3046,DRAMMEN
1602,3047,DRAMMEN
1603,3048,DRAMMEN
1604,3050,MJØNDALEN
1605,3051,MJØNDALEN
1606,3053,STEINBERG
1607,3054,KROKSTADELVA
1608,3055,KROKSTADELVA
1609,3056,SOLBERGELVA
1610,3057,SOLBERGELVA
1611,3058,SOLBERGMOEN
1612,3060,SVELVIK
1613,3061,SVELVIK
1614,3063,DRAMMEN
1615,3064,DRAMMEN
1616,3065,DRAMMEN
1617,3066,DRAMMEN
1618,3070,SANDE I VESTFOLD
1619,3071,SANDE I VESTFOLD
1620,3072,SANDE I VESTFOLD
1621,3073,SANDE I VESTFOLD
1622,3074,SANDE I VESTFOLD
1623,3075,BERGER
1624,3076,SANDE I VESTFOLD
1625,3077,SANDE I VESTFOLD
1626,3080,HOLMESTRAND
1627,3081,HOLMESTRAND
1628,3082,HOLMESTRAND
1629,3083,HOLMESTRAND
1630,3084,HOLMESTRAND
1631,3085,HOLMESTRAND
1632,3086,HOLMESTRAND
1633,3087,HOLMESTRAND
1634,3088,HOLMESTRAND
1635,3089,HOLMESTRAND
1636,3090,HOF
1637,3091,HOF
1638,3092,SUNDBYFOSS
1639,3095,EIDSFOSS
1640,3101,TØNSBERG
1641,3103,TØNSBERG
1642,3104,TØNSBERG
1643,3105,TØNSBERG
1644,3106,NØTTERØY
1645,3107,SEM
1646,3108,VEAR
1647,3109,TØNSBERG
1648,3110,TØNSBERG
1649,3111,TØNSBERG
1650,3112,TØNSBERG
1651,3113,TØNSBERG
1652,3114,TØNSBERG
1653,3115,TØNSBERG
1654,3116,TØNSBERG
1655,3117,TØNSBERG
1656,3118,TØNSBERG
1657,3119,TØNSBERG
1658,3120,NØTTERØY
1659,3121,NØTTERØY
1660,3122,TØNSBERG
1661,3123,TØNSBERG
1662,3124,TØNSBERG
1663,3125,TØNSBERG
1664,3126,TØNSBERG
1665,3127,TØNSBERG
1666,3128,NØTTERØY
1667,3129,TØNSBERG
1668,3131,HUSØYSUND
1669,3132,HUSØYSUND
1670,3133,DUKEN
1671,3134,TØNSBERG
1672,3135,TORØD
1673,3137,TORØD
1674,3138,SKALLESTAD
1675,3139,SKALLESTAD
1676,3140,NØTTERØY
1677,3141,KJØPMANNSKJÆR
1678,3142,VESTSKOGEN
1679,3143,KJØPMANNSKJÆR
1680,3144,VEIERLAND
1681,3145,TJØME
1682,3148,HVASSER
1683,3150,TOLVSRØD
1684,3151,TOLVSRØD
1685,3152,TOLVSRØD
1686,3153,TOLVSRØD
1687,3154,TOLVSRØD
1688,3156,MELSOMVIK
1689,3157,BARKÅKER
1690,3158,ANDEBU
1691,3159,MELSOMVIK
1692,3160,STOKKE
1693,3161,STOKKE
1694,3162,ANDEBU
1695,3163,NØTTERØY
1696,3164,REVETAL
1697,3165,TJØME
1698,3166,TOLVSRØD
1699,3167,ÅSGÅRDSTRAND
1700,3168,MELSOMVIK
1701,3169,STOKKE
1702,3170,SEM
1703,3171,SEM
1704,3172,VEAR
1705,3173,VEAR
1706,3174,REVETAL
1707,3175,RAMNES
1708,3176,UNDRUMSDAL
1709,3177,VÅLE
1710,3178,VÅLE
1711,3179,ÅSGÅRDSTRAND
1712,3180,NYKIRKE
1713,3181,HORTEN
1714,3182,HORTEN
1715,3183,HORTEN
1716,3184,BORRE
1717,3185,SKOPPUM
1718,3186,HORTEN
1719,3187,HORTEN
1720,3188,HORTEN
1721,3189,HORTEN
1722,3191,HORTEN
1723,3192,HORTEN
1724,3193,HORTEN
1725,3194,HORTEN
1726,3195,SKOPPUM
1727,3196,HORTEN
1728,3197,NYKIRKE
1729,3199,BORRE
1730,3201,SANDEFJORD
1731,3202,SANDEFJORD
1732,3203,SANDEFJORD
1733,3204,SANDEFJORD
1734,3205,SANDEFJORD
1735,3206,SANDEFJORD
1736,3207,SANDEFJORD
1737,3208,SANDEFJORD
1738,3209,SANDEFJORD
1739,3210,SANDEFJORD
1740,3211,SANDEFJORD
1741,3212,SANDEFJORD
1742,3213,SANDEFJORD
1743,3214,SANDEFJORD
1744,3215,SANDEFJORD
1745,3216,SANDEFJORD
1746,3217,SANDEFJORD
1747,3218,SANDEFJORD
1748,3219,SANDEFJORD
1749,3220,SANDEFJORD
1750,3221,SANDEFJORD
1751,3222,SANDEFJORD
1752,3223,SANDEFJORD
1753,3224,SANDEFJORD
1754,3225,SANDEFJORD
1755,3226,SANDEFJORD
1756,3227,SANDEFJORD
1757,3228,SANDEFJORD
1758,3229,SANDEFJORD
1759,3230,SANDEFJORD
1760,3231,SANDEFJORD
1761,3232,SANDEFJORD
1762,3233,SANDEFJORD
1763,3234,SANDEFJORD
1764,3235,SANDEFJORD
1765,3236,SANDEFJORD
1766,3237,SANDEFJORD
1767,3238,SANDEFJORD
1768,3239,SANDEFJORD
1769,3240,SANDEFJORD
1770,3241,SANDEFJORD
1771,3242,SANDEFJORD
1772,3243,KODAL
1773,3244,SANDEFJORD
1774,3245,KODAL
1775,3246,SANDEFJORD
1776,3247,SANDEFJORD
1777,3248,SANDEFJORD
1778,3249,SANDEFJORD
1779,3251,LARVIK
1780,3252,LARVIK
1781,3253,LARVIK
1782,3254,LARVIK
1783,3255,LARVIK
1784,3256,LARVIK
1785,3257,LARVIK
1786,3258,LARVIK
1787,3259,LARVIK
1788,3260,LARVIK
1789,3261,LARVIK
1790,3262,LARVIK
1791,3263,LARVIK
1792,3264,LARVIK
1793,3265,LARVIK
1794,3267,LARVIK
1795,3268,LARVIK
1796,3269,LARVIK
1797,3270,LARVIK
1798,3271,LARVIK
1799,3274,LARVIK
1800,3275,SVARSTAD
1801,3276,SVARSTAD
1802,3277,STEINSHOLT
1803,3280,TJODALYNG
1804,3281,TJODALYNG
1805,3282,KVELDE
1806,3284,KVELDE
1807,3285,LARVIK
1808,3290,STAVERN
1809,3291,STAVERN
1810,3292,STAVERN
1811,3294,STAVERN
1812,3295,HELGEROA
1813,3296,NEVLUNGHAVN
1814,3297,HELGEROA
1815,3300,HOKKSUND
1816,3301,HOKKSUND
1817,3302,HOKKSUND
1818,3303,HOKKSUND
1819,3320,VESTFOSSEN
1820,3321,VESTFOSSEN
1821,3322,FISKUM
1822,3330,SKOTSELV
1823,3331,SKOTSELV
1824,3340,ÅMOT
1825,3341,ÅMOT
1826,3342,ÅMOT
1827,3350,PRESTFOSS
1828,3351,PRESTFOSS
1829,3355,SOLUMSMOEN
1830,3357,EGGEDAL
1831,3358,NEDRE EGGEDAL
1832,3359,EGGEDAL
1833,3360,GEITHUS
1834,3361,GEITHUS
1835,3370,VIKERSUND
1836,3371,VIKERSUND
1837,3401,LIER
1838,3402,LIER
1839,3403,LIER
1840,3404,LIER
1841,3405,LIER
1842,3406,TRANBY
1843,3407,TRANBY
1844,3408,TRANBY
1845,3409,TRANBY
1846,3410,SYLLING
1847,3411,SYLLING
1848,3412,LIERSTRANDA
1849,3413,LIER
1850,3414,LIERSTRANDA
1851,3420,LIERSKOGEN
1852,3421,LIERSKOGEN
1853,3425,REISTAD
1854,3426,GULLAUG
1855,3427,GULLAUG
1856,3428,GULLAUG
1857,3430,SPIKKESTAD
1858,3431,SPIKKESTAD
1859,3440,RØYKEN
1860,3441,RØYKEN
1861,3442,HYGGEN
1862,3470,SLEMMESTAD
1863,3471,SLEMMESTAD
1864,3472,BØDALEN
1865,3474,ÅROS
1866,3475,SÆTRE
1867,3476,SÆTRE
1868,3477,BÅTSTØ
1869,3478,NÆRSNES
1870,3479,NÆRSNES
1871,3480,FILTVET
1872,3481,TOFTE
1873,3482,TOFTE
1874,3483,KANA
1875,3484,HOLMSBU
1876,3485,FILTVET
1877,3490,KLOKKARSTUA
1878,3501,HØNEFOSS
1879,3502,HØNEFOSS
1880,3503,HØNEFOSS
1881,3504,HØNEFOSS
1882,3507,HØNEFOSS
1883,3510,HØNEFOSS
1884,3511,HØNEFOSS
1885,3512,HØNEFOSS
1886,3513,HØNEFOSS
1887,3514,HØNEFOSS
1888,3515,HØNEFOSS
1889,3516,HØNEFOSS
1890,3517,HØNEFOSS
1891,3518,HØNEFOSS
1892,3519,HØNEFOSS
1893,3520,JEVNAKER
1894,3521,JEVNAKER
1895,3522,BJONEROA
1896,3523,NES I ÅDAL
1897,3524,NES I ÅDAL
1898,3525,HALLINGBY
1899,3526,HALLINGBY
1900,3527,BJONEROA
1901,3528,HEDALEN
1902,3529,RØYSE
1903,3530,RØYSE
1904,3531,KROKKLEIVA
1905,3532,TYRISTRAND
1906,3533,TYRISTRAND
1907,3534,SOKNA
1908,3535,KRØDEREN
1909,3536,NORESUND
1910,3537,KRØDEREN
1911,3538,SOLLIHØGDA
1912,3539,FLÅ
1913,3540,NESBYEN
1914,3541,NESBYEN
1915,3542,SOKNA
1916,3543,NORESUND
1917,3544,TUNHOVD
1918,3545,FLÅ
1919,3546,KROKKLEIVA
1920,3550,GOL
1921,3551,GOL
1922,3560,HEMSEDAL
1923,3561,HEMSEDAL
1924,3570,ÅL
1925,3571,ÅL
1926,3575,HOL
1927,3576,HOL
1928,3577,HOVET
1929,3579,TORPO
1930,3580,GEILO
1931,3581,GEILO
1932,3588,DAGALI
1933,3593,USTAOSET
1934,3595,HAUGASTØL
1935,3601,KONGSBERG
1936,3602,KONGSBERG
1937,3603,KONGSBERG
1938,3604,KONGSBERG
1939,3605,KONGSBERG
1940,3606,KONGSBERG
1941,3607,KONGSBERG
1942,3608,HEISTADMOEN
1943,3609,KONGSBERG
1944,3610,KONGSBERG
1945,3611,KONGSBERG
1946,3612,KONGSBERG
1947,3613,KONGSBERG
1948,3614,KONGSBERG
1949,3615,KONGSBERG
1950,3616,KONGSBERG
1951,3617,KONGSBERG
1952,3618,SKOLLENBORG
1953,3619,SKOLLENBORG
1954,3620,FLESBERG
1955,3621,LAMPELAND
1956,3622,SVENE
1957,3623,LAMPELAND
1958,3624,LYNGDAL I NUMEDAL
1959,3625,SKOLLENBORG
1960,3626,ROLLAG
1961,3627,VEGGLI
1962,3628,VEGGLI
1963,3629,NORE
1964,3630,RØDBERG
1965,3631,RØDBERG
1966,3632,UVDAL
1967,3634,NORE
1968,3646,HVITTINGFOSS
1969,3647,HVITTINGFOSS
1970,3648,PASSEBEKK
1971,3650,TINN AUSTBYGD
1972,3652,HOVIN I TELEMARK
1973,3656,ATRÅ
1974,3658,MILAND
1975,3660,RJUKAN
1976,3661,RJUKAN
1977,3665,SAULAND
1978,3666,ATRÅ
1979,3671,NOTODDEN
1980,3672,NOTODDEN
1981,3673,NOTODDEN
1982,3674,NOTODDEN
1983,3675,NOTODDEN
1984,3676,NOTODDEN
1985,3677,NOTODDEN
1986,3678,NOTODDEN
1987,3679,NOTODDEN
1988,3680,NOTODDEN
1989,3681,NOTODDEN
1990,3683,NOTODDEN
1991,3684,NOTODDEN
1992,3690,HJARTDAL
1993,3691,GRANSHERAD
1994,3692,SAULAND
1995,3697,TUDDAL
1996,3701,SKIEN
1997,3702,SKIEN
1998,3703,SKIEN
1999,3704,SKIEN
2000,3705,SKIEN
2001,3707,SKIEN
2002,3710,SKIEN
2003,3711,SKIEN
2004,3712,SKIEN
2005,3713,SKIEN
2006,3714,SKIEN
2007,3715,SKIEN
2008,3716,SKIEN
2009,3717,SKIEN
2010,3718,SKIEN
2011,3719,SKIEN
2012,3720,SKIEN
2013,3721,SKIEN
2014,3722,SKIEN
2015,3723,SKIEN
2016,3724,SKIEN
2017,3725,SKIEN
2018,3726,SKIEN
2019,3727,SKIEN
2020,3728,SKIEN
2021,3729,SKIEN
2022,3730,SKIEN
2023,3731,SKIEN
2024,3732,SKIEN
2025,3733,SKIEN
2026,3734,SKIEN
2027,3735,SKIEN
2028,3736,SKIEN
2029,3737,SKIEN
2030,3738,SKIEN
2031,3739,SKIEN
2032,3740,SKIEN
2033,3741,SKIEN
2034,3742,SKIEN
2035,3743,SKIEN
2036,3744,SKIEN
2037,3746,SKIEN
2038,3747,SKIEN
2039,3748,SILJAN
2040,3749,SILJAN
2041,3750,DRANGEDAL
2042,3753,TØRDAL
2043,3760,NESLANDSVATN
2044,3766,SANNIDAL
2045,3770,KRAGERØ
2046,3772,KRAGERØ
2047,3780,SKÅTØY
2048,3781,JOMFRULAND
2049,3783,KRAGERØ SKJÆRGÅRD
2050,3785,SKIEN
2051,3787,SKIEN
2052,3788,STABBESTAD
2053,3789,KRAGERØ
2054,3790,HELLE
2055,3791,KRAGERØ
2056,3792,SKIEN
2057,3793,SANNIDAL
2058,3794,HELLE
2059,3795,DRANGEDAL
2060,3796,SKIEN
2061,3798,SKIEN
2062,3799,SKIEN
2063,3800,BØ I TELEMARK
2064,3801,BØ I TELEMARK
2065,3802,BØ I TELEMARK
2066,3803,BØ I TELEMARK
2067,3804,BØ I TELEMARK
2068,3805,BØ I TELEMARK
2069,3810,GVARV
2070,3811,HØRTE
2071,3812,AKKERHAUGEN
2072,3820,NORDAGUTU
2073,3825,LUNDE
2074,3830,ULEFOSS
2075,3831,ULEFOSS
2076,3832,LUNDE
2077,3833,BØ I TELEMARK
2078,3834,GVARV
2079,3835,SELJORD
2080,3836,KVITESEID
2081,3840,SELJORD
2082,3841,FLATDAL
2083,3844,ÅMOTSDAL
2084,3848,MORGEDAL
2085,3849,VRÅLIOSEN
2086,3850,KVITESEID
2087,3852,VRÅDAL
2088,3853,VRÅDAL
2089,3854,NISSEDAL
2090,3855,TREUNGEN
2091,3864,RAULAND
2092,3870,FYRESDAL
2093,3880,DALEN
2094,3882,ÅMDALS VERK
2095,3883,TREUNGEN
2096,3884,RAULAND
2097,3885,FYRESDAL
2098,3886,DALEN
2099,3887,VINJE
2100,3888,EDLAND
2101,3890,VINJE
2102,3891,HØYDALSMO
2103,3893,VINJESVINGEN
2104,3895,EDLAND
2105,3901,PORSGRUNN
2106,3902,PORSGRUNN
2107,3903,PORSGRUNN
2108,3904,PORSGRUNN
2109,3905,PORSGRUNN
2110,3906,PORSGRUNN
2111,3910,PORSGRUNN
2112,3911,PORSGRUNN
2113,3912,PORSGRUNN
2114,3913,PORSGRUNN
2115,3914,PORSGRUNN
2116,3915,PORSGRUNN
2117,3916,PORSGRUNN
2118,3917,PORSGRUNN
2119,3918,PORSGRUNN
2120,3919,PORSGRUNN
2121,3920,PORSGRUNN
2122,3921,PORSGRUNN
2123,3922,PORSGRUNN
2124,3924,PORSGRUNN
2125,3925,PORSGRUNN
2126,3928,PORSGRUNN
2127,3929,PORSGRUNN
2128,3930,PORSGRUNN
2129,3931,PORSGRUNN
2130,3933,PORSGRUNN
2131,3936,PORSGRUNN
2132,3937,PORSGRUNN
2133,3939,PORSGRUNN
2134,3940,PORSGRUNN
2135,3941,PORSGRUNN
2136,3942,PORSGRUNN
2137,3943,PORSGRUNN
2138,3944,PORSGRUNN
2139,3946,PORSGRUNN
2140,3947,LANGANGEN
2141,3948,PORSGRUNN
2142,3949,PORSGRUNN
2143,3950,BREVIK
2144,3960,STATHELLE
2145,3961,STATHELLE
2146,3962,STATHELLE
2147,3965,HERRE
2148,3966,STATHELLE
2149,3967,STATHELLE
2150,3970,LANGESUND
2151,3991,BREVIK
2152,3993,LANGESUND
2153,3994,LANGESUND
2154,3995,STATHELLE
2155,3996,PORSGRUNN
2156,3997,PORSGRUNN
2157,3998,PORSGRUNN
2158,3999,HERRE
2159,4001,STAVANGER
2160,4002,STAVANGER
2161,4003,STAVANGER
2162,4004,STAVANGER
2163,4005,STAVANGER
2164,4006,STAVANGER
2165,4007,STAVANGER
2166,4008,STAVANGER
2167,4009,STAVANGER
2168,4010,STAVANGER
2169,4011,STAVANGER
2170,4012,STAVANGER
2171,4013,STAVANGER
2172,4014,STAVANGER
2173,4015,STAVANGER
2174,4016,STAVANGER
2175,4017,STAVANGER
2176,4018,STAVANGER
2177,4019,STAVANGER
2178,4020,STAVANGER
2179,4021,STAVANGER
2180,4022,STAVANGER
2181,4023,STAVANGER
2182,4024,STAVANGER
2183,4025,STAVANGER
2184,4026,STAVANGER
2185,4027,STAVANGER
2186,4028,STAVANGER
2187,4029,STAVANGER
2188,4031,STAVANGER
2189,4032,STAVANGER
2190,4033,STAVANGER
2191,4034,STAVANGER
2192,4035,STAVANGER
2193,4036,STAVANGER
2194,4041,HAFRSFJORD
2195,4042,HAFRSFJORD
2196,4043,HAFRSFJORD
2197,4044,HAFRSFJORD
2198,4045,HAFRSFJORD
2199,4046,HAFRSFJORD
2200,4047,HAFRSFJORD
2201,4048,HAFRSFJORD
2202,4049,HAFRSFJORD
2203,4050,SOLA
2204,4051,SOLA
2205,4052,RØYNEBERG
2206,4053,RÆGE
2207,4054,TJELTA
2208,4055,SOLA
2209,4056,TANANGER
2210,4057,TANANGER
2211,4058,TANANGER
2212,4059,RØYNEBERG
2213,4063,TJELTA
2214,4068,STAVANGER
2215,4070,RANDABERG
2216,4071,RANDABERG
2217,4072,RANDABERG
2218,4073,RANDABERG
2219,4076,VASSØY
2220,4077,HUNDVÅG
2221,4078,STAVANGER
2222,4079,STAVANGER
2223,4081,STAVANGER
2224,4082,STAVANGER
2225,4083,HUNDVÅG
2226,4084,STAVANGER
2227,4085,HUNDVÅG
2228,4086,HUNDVÅG
2229,4087,STAVANGER
2230,4088,STAVANGER
2231,4089,HAFRSFJORD
2232,4090,HAFRSFJORD
2233,4091,HAFRSFJORD
2234,4092,STAVANGER
2235,4093,STAVANGER
2236,4094,STAVANGER
2237,4095,STAVANGER
2238,4096,RANDABERG
2239,4097,SOLA
2240,4098,TANANGER
2241,4099,STAVANGER
2242,4100,JØRPELAND
2243,4102,IDSE
2244,4103,JØRPELAND
2245,4104,JØRPELAND
2246,4105,JØRPELAND
2247,4110,FORSAND
2248,4119,FORSAND
2249,4120,TAU
2250,4121,TAU
2251,4123,SØR-HIDLE
2252,4124,TAU
2253,4126,JØRPELAND
2254,4127,LYSEBOTN
2255,4128,FLØYRLI
2256,4129,SONGESAND
2257,4130,HJELMELAND
2258,4134,JØSENFJORDEN
2259,4137,ÅRDAL I RYFYLKE
2260,4139,FISTER
2261,4146,SKIFTUN
2262,4148,HJELMELAND
2263,4150,RENNESØY
2264,4152,VESTRE ÅMØY
2265,4153,BRIMSE
2266,4154,AUSTRE ÅMØY
2267,4156,MOSTERØY
2268,4158,BRU
2269,4159,RENNESØY
2270,4160,FINNØY
2271,4161,FINNØY
2272,4163,TALGJE
2273,4164,FOGN
2274,4167,HELGØY I RYFYLKE
2275,4168,BYRE
2276,4169,SØRBOKN
2277,4170,SJERNARØY
2278,4173,NORD-HIDLE
2279,4174,SJERNARØY
2280,4180,KVITSØY
2281,4181,KVITSØY
2282,4182,SKARTVEIT
2283,4187,OMBO
2284,4198,FOLDØY
2285,4200,SAUDA
2286,4201,SAUDA
2287,4208,SAUDASJØEN
2288,4209,VANVIK
2289,4230,SAND
2290,4233,ERFJORD
2291,4234,JELSA
2292,4235,HEBNES
2293,4237,SULDALSOSEN
2294,4239,SAND
2295,4240,SULDALSOSEN
2296,4244,NESFLATEN
2297,4250,KOPERVIK
2298,4260,TORVASTAD
2299,4262,AVALDSNES
2300,4264,KVALAVÅG
2301,4265,HÅVIK
2302,4270,ÅKREHAMN
2303,4272,SANDVE
2304,4274,STOL
2305,4275,SÆVELANDSVIK
2306,4276,VEAVÅGEN
2307,4280,SKUDENESHAVN
2308,4291,KOPERVIK
2309,4294,KOPERVIK
2310,4295,VEAVÅGEN
2311,4296,ÅKREHAMN
2312,4297,SKUDENESHAVN
2313,4298,TORVASTAD
2314,4299,AVALDSNES
2315,4301,SANDNES
2316,4302,SANDNES
2317,4306,SANDNES
2318,4307,SANDNES
2319,4308,SANDNES
2320,4309,SANDNES
2321,4310,HOMMERSÅK
2322,4311,HOMMERSÅK
2323,4312,SANDNES
2324,4313,SANDNES
2325,4314,SANDNES
2326,4315,SANDNES
2327,4316,SANDNES
2328,4317,SANDNES
2329,4318,SANDNES
2330,4319,SANDNES
2331,4320,SANDNES
2332,4321,SANDNES
2333,4322,SANDNES
2334,4323,SANDNES
2335,4324,SANDNES
2336,4325,SANDNES
2337,4326,SANDNES
2338,4327,SANDNES
2339,4328,SANDNES
2340,4329,SANDNES
2341,4330,ÅLGÅRD
2342,4331,ÅLGÅRD
2343,4332,FIGGJO
2344,4333,OLTEDAL
2345,4334,ÅLGÅRD
2346,4335,DIRDAL
2347,4336,SANDNES
2348,4337,SANDNES
2349,4338,SANDNES
2350,4339,ÅLGÅRD
2351,4340,BRYNE
2352,4341,BRYNE
2353,4342,UNDHEIM
2354,4343,ORRE
2355,4344,BRYNE
2356,4345,BRYNE
2357,4346,BRYNE
2358,4347,LYE
2359,4348,LYE
2360,4349,BRYNE
2361,4350,KLEPPE
2362,4351,KLEPPE
2363,4352,KLEPPE
2364,4353,KLEPP STASJON
2365,4354,VOLL
2366,4355,KVERNALAND
2367,4356,KVERNALAND
2368,4357,KLEPP STASJON
2369,4358,KLEPPE
2370,4360,VARHAUG
2371,4361,SIREVÅG
2372,4362,VIGRESTAD
2373,4363,BRUSAND
2374,4364,SIREVÅG
2375,4365,NÆRBØ
2376,4367,NÆRBØ
2377,4368,VARHAUG
2378,4369,VIGRESTAD
2379,4370,EGERSUND
2380,4371,EGERSUND
2381,4372,EGERSUND
2382,4373,EGERSUND
2383,4374,EGERSUND
2384,4375,HELLVIK
2385,4376,HELLELAND
2386,4378,EGERSUND
2387,4379,EGERSUND
2388,4380,HAUGE I DALANE
2389,4381,HAUGE I DALANE
2390,4384,VIKESÅ
2391,4385,HELLELAND
2392,4387,BJERKREIM
2393,4389,VIKESÅ
2394,4390,OLTEDAL
2395,4391,SANDNES
2396,4392,SANDNES
2397,4393,SANDNES
2398,4394,SANDNES
2399,4395,HOMMERSÅK
2400,4396,SANDNES
2401,4397,SANDNES
2402,4398,SANDNES
2403,4399,SANDNES
2404,4400,FLEKKEFJORD
2405,4401,FLEKKEFJORD
2406,4402,FLEKKEFJORD
2407,4403,FLEKKEFJORD
2408,4404,FLEKKEFJORD
2409,4405,FLEKKEFJORD
2410,4406,FLEKKEFJORD
2411,4407,FLEKKEFJORD
2412,4420,ÅNA-SIRA
2413,4432,HIDRASUND
2414,4434,ANDABELØY
2415,4436,GYLAND
2416,4438,SIRA
2417,4439,SIRA
2418,4440,TONSTAD
2419,4441,TONSTAD
2420,4443,TJØRHOM
2421,4460,MOI
2422,4462,HOVSHERAD
2423,4463,UALAND
2424,4465,MOI
2425,4473,KVINLOG
2426,4480,KVINESDAL
2427,4484,ØYESTRANDA
2428,4485,FEDA
2429,4486,FEDA
2430,4490,KVINESDAL
2431,4491,KVINESDAL
2432,4492,KVINESDAL
2433,4501,MANDAL
2434,4502,MANDAL
2435,4503,MANDAL
2436,4504,MANDAL
2437,4507,MANDAL
2438,4508,MANDAL
2439,4509,MANDAL
2440,4513,MANDAL
2441,4514,MANDAL
2442,4515,MANDAL
2443,4516,MANDAL
2444,4517,MANDAL
2445,4519,HOLUM
2446,4520,LINDESNES
2447,4521,LINDESNES
2448,4522,LINDESNES
2449,4523,LINDESNES
2450,4524,LINDESNES
2451,4525,KONSMO
2452,4526,KONSMO
2453,4528,KOLLUNGTVEIT
2454,4529,BYREMO
2455,4532,ØYSLEBØ
2456,4534,MARNARDAL
2457,4535,MARNARDAL
2458,4536,BJELLAND
2459,4540,ÅSERAL
2460,4541,ÅSERAL
2461,4544,FOSSDAL
2462,4550,FARSUND
2463,4551,FARSUND
2464,4552,FARSUND
2465,4553,FARSUND
2466,4554,FARSUND
2467,4557,VANSE
2468,4558,VANSE
2469,4560,VANSE
2470,4563,BORHAUG
2471,4575,LYNGDAL
2472,4576,LYNGDAL
2473,4577,LYNGDAL
2474,4579,LYNGDAL
2475,4580,LYNGDAL
2476,4586,KORSHAMN
2477,4588,KVÅS
2478,4590,SNARTEMO
2479,4595,TINGVATN
2480,4596,EIKEN
2481,4597,EIKEN
2482,4604,KRISTIANSAND S
2483,4605,KRISTIANSAND S
2484,4606,KRISTIANSAND S
2485,4608,KRISTIANSAND S
2486,4609,KARDEMOMME BY
2487,4610,KRISTIANSAND S
2488,4611,KRISTIANSAND S
2489,4612,KRISTIANSAND S
2490,4613,KRISTIANSAND S
2491,4614,KRISTIANSAND S
2492,4615,KRISTIANSAND S
2493,4616,KRISTIANSAND S
2494,4617,KRISTIANSAND S
2495,4618,KRISTIANSAND S
2496,4619,MOSBY
2497,4620,KRISTIANSAND S
2498,4621,KRISTIANSAND S
2499,4622,KRISTIANSAND S
2500,4623,KRISTIANSAND S
2501,4624,KRISTIANSAND S
2502,4625,FLEKKERØY
2503,4626,KRISTIANSAND S
2504,4628,KRISTIANSAND S
2505,4629,KRISTIANSAND S
2506,4630,KRISTIANSAND S
2507,4631,KRISTIANSAND S
2508,4632,KRISTIANSAND S
2509,4633,KRISTIANSAND S
2510,4634,KRISTIANSAND S
2511,4635,KRISTIANSAND S
2512,4636,KRISTIANSAND S
2513,4637,KRISTIANSAND S
2514,4638,KRISTIANSAND S
2515,4639,KRISTIANSAND S
2516,4640,SØGNE
2517,4641,SØGNE
2518,4642,SØGNE
2519,4643,SØGNE
2520,4644,SØGNE
2521,4645,NODELAND
2522,4646,FINSLAND
2523,4647,BRENNÅSEN
2524,4649,FINSLAND
2525,4656,HAMRESANDEN
2526,4657,KJEVIK
2527,4658,TVEIT
2528,4661,KRISTIANSAND S
2529,4662,KRISTIANSAND S
2530,4663,KRISTIANSAND S
2531,4664,KRISTIANSAND S
2532,4665,KRISTIANSAND S
2533,4666,KRISTIANSAND S
2534,4670,KRISTIANSAND S
2535,4671,KRISTIANSAND S
2536,4672,KRISTIANSAND S
2537,4673,KRISTIANSAND S
2538,4674,KRISTIANSAND S
2539,4675,KRISTIANSAND S
2540,4676,KRISTIANSAND S
2541,4677,KRISTIANSAND S
2542,4678,KRISTIANSAND S
2543,4679,FLEKKERØY
2544,4681,SØGNE
2545,4682,SØGNE
2546,4683,SØGNE
2547,4684,BRENNÅSEN
2548,4685,NODELAND
2549,4686,KRISTIANSAND S
2550,4687,KRISTIANSAND S
2551,4688,KRISTIANSAND S
2552,4689,KRISTIANSAND S
2553,4691,KRISTIANSAND S
2554,4693,KRISTIANSAND S
2555,4694,KRISTIANSAND S
2556,4695,KRISTIANSAND S
2557,4696,KRISTIANSAND S
2558,4697,KRISTIANSAND S
2559,4698,KRISTIANSAND S
2560,4699,TVEIT
2561,4700,VENNESLA
2562,4701,VENNESLA
2563,4702,VENNESLA
2564,4703,VENNESLA
2565,4705,ØVREBØ
2566,4706,VENNESLA
2567,4707,VENNESLA
2568,4708,VENNESLA
2569,4715,ØVREBØ
2570,4720,HÆGELAND
2571,4721,HÆGELAND
2572,4724,IVELAND
2573,4725,IVELAND
2574,4730,VATNESTRØM
2575,4733,EVJE
2576,4734,EVJE
2577,4735,EVJE
2578,4737,HORNNES
2579,4741,BYGLANDSFJORD
2580,4742,GRENDI
2581,4744,BYGLAND
2582,4745,BYGLAND
2583,4746,VALLE
2584,4747,VALLE
2585,4748,RYSSTAD
2586,4749,RYSSTAD
2587,4754,BYKLE
2588,4755,HOVDEN I SETESDAL
2589,4756,HOVDEN I SETESDAL
2590,4760,BIRKELAND
2591,4766,HEREFOSS
2592,4768,ENGESLAND
2593,4770,HØVÅG
2594,4780,BREKKESTØ
2595,4790,LILLESAND
2596,4791,LILLESAND
2597,4792,LILLESAND
2598,4793,HØVÅG
2599,4794,LILLESAND
2600,4795,BIRKELAND
2601,4801,ARENDAL
2602,4802,ARENDAL
2603,4803,ARENDAL
2604,4804,ARENDAL
2605,4808,ARENDAL
2606,4809,ARENDAL
2607,4810,EYDEHAVN
2608,4812,KONGSHAVN
2609,4815,SALTRØD
2610,4816,KOLBJØRNSVIK
2611,4817,HIS
2612,4818,FÆRVIK
2613,4820,FROLAND
2614,4821,RYKENE
2615,4822,RYKENE
2616,4823,NEDENES
2617,4824,BJORBEKK
2618,4825,ARENDAL
2619,4827,FROLANDS VERK
2620,4828,MJÅVATN
2621,4830,HYNNEKLEIV
2622,4832,MYKLAND
2623,4834,RISDAL
2624,4836,ARENDAL
2625,4838,ARENDAL
2626,4839,ARENDAL
2627,4841,ARENDAL
2628,4842,ARENDAL
2629,4843,ARENDAL
2630,4844,ARENDAL
2631,4846,ARENDAL
2632,4847,ARENDAL
2633,4848,ARENDAL
2634,4849,ARENDAL
2635,4851,SALTRØD
2636,4852,FÆRVIK
2637,4853,HIS
2638,4854,NEDENES
2639,4855,FROLAND
2640,4856,ARENDAL
2641,4857,ARENDAL
2642,4858,ARENDAL
2643,4859,ARENDAL
2644,4862,EYDEHAVN
2645,4863,NELAUG
2646,4864,ÅMLI
2647,4865,ÅMLI
2648,4868,SELÅSVATN
2649,4869,DØLEMO
2650,4870,FEVIK
2651,4876,GRIMSTAD
2652,4877,GRIMSTAD
2653,4878,GRIMSTAD
2654,4879,GRIMSTAD
2655,4884,GRIMSTAD
2656,4885,GRIMSTAD
2657,4886,GRIMSTAD
2658,4887,GRIMSTAD
2659,4888,HOMBORSUND
2660,4889,FEVIK
2661,4891,GRIMSTAD
2662,4892,GRIMSTAD
2663,4893,GRIMSTAD
2664,4894,GRIMSTAD
2665,4896,GRIMSTAD
2666,4898,GRIMSTAD
2667,4900,TVEDESTRAND
2668,4901,TVEDESTRAND
2669,4902,TVEDESTRAND
2670,4903,TVEDESTRAND
2671,4904,TVEDESTRAND
2672,4905,TVEDESTRAND
2673,4909,SONGE
2674,4910,LYNGØR
2675,4912,GJEVING
2676,4915,VESTRE SANDØYA
2677,4916,BORØY
2678,4920,STAUBØ
2679,4921,STAUBØ
2680,4934,NES VERK
2681,4950,RISØR
2682,4951,RISØR
2683,4952,RISØR
2684,4953,RISØR
2685,4955,RISØR
2686,4956,RISØR
2687,4957,RISØR
2688,4971,SUNDEBRU
2689,4972,GJERSTAD
2690,4973,VEGÅRSHEI
2691,4974,SØNDELED
2692,4980,GJERSTAD
2693,4985,VEGÅRSHEI
2694,4990,SØNDELED
2695,4993,SUNDEBRU
2696,4994,AKLAND
2697,5003,BERGEN
2698,5004,BERGEN
2699,5005,BERGEN
2700,5006,BERGEN
2701,5007,BERGEN
2702,5008,BERGEN
2703,5009,BERGEN
2704,5010,BERGEN
2705,5011,BERGEN
2706,5012,BERGEN
2707,5013,BERGEN
2708,5014,BERGEN
2709,5015,BERGEN
2710,5016,BERGEN
2711,5017,BERGEN
2712,5018,BERGEN
2713,5019,BERGEN
2714,5020,BERGEN
2715,5021,BERGEN
2716,5022,BERGEN
2717,5031,BERGEN
2718,5032,BERGEN
2719,5033,BERGEN
2720,5034,BERGEN
2721,5035,BERGEN
2722,5036,BERGEN
2723,5037,BERGEN
2724,5038,BERGEN
2725,5039,BERGEN
2726,5041,BERGEN
2727,5042,BERGEN
2728,5043,BERGEN
2729,5045,BERGEN
2730,5052,BERGEN
2731,5053,BERGEN
2732,5054,BERGEN
2733,5055,BERGEN
2734,5056,BERGEN
2735,5057,BERGEN
2736,5058,BERGEN
2737,5059,BERGEN
2738,5063,BERGEN
2739,5067,BERGEN
2740,5068,BERGEN
2741,5072,BERGEN
2742,5073,BERGEN
2743,5075,BERGEN
2744,5081,BERGEN
2745,5082,BERGEN
2746,5089,BERGEN
2747,5093,BERGEN
2748,5094,BERGEN
2749,5096,BERGEN
2750,5097,BERGEN
2751,5098,BERGEN
2752,5099,BERGEN
2753,5101,EIDSVÅGNESET
2754,5104,EIDSVÅG I ÅSANE
2755,5105,EIDSVÅG I ÅSANE
2756,5106,ØVRE ERVIK
2757,5107,SALHUS
2758,5108,HORDVIK
2759,5109,HYLKJE
2760,5111,BREISTEIN
2761,5113,TERTNES
2762,5114,TERTNES
2763,5115,ULSET
2764,5116,ULSET
2765,5117,ULSET
2766,5118,ULSET
2767,5119,ULSET
2768,5121,ULSET
2769,5122,MORVIK
2770,5124,MORVIK
2771,5130,NYBORG
2772,5131,NYBORG
2773,5132,NYBORG
2774,5134,FLAKTVEIT
2775,5135,FLAKTVEIT
2776,5136,MJØLKERÅEN
2777,5137,MJØLKERÅEN
2778,5141,FYLLINGSDALEN
2779,5142,FYLLINGSDALEN
2780,5143,FYLLINGSDALEN
2781,5144,FYLLINGSDALEN
2782,5145,FYLLINGSDALEN
2783,5146,FYLLINGSDALEN
2784,5147,FYLLINGSDALEN
2785,5148,FYLLINGSDALEN
2786,5151,STRAUMSGREND
2787,5152,BØNES
2788,5153,BØNES
2789,5154,BØNES
2790,5155,BØNES
2791,5160,LAKSEVÅG
2792,5161,LAKSEVÅG
2793,5162,LAKSEVÅG
2794,5163,LAKSEVÅG
2795,5164,LAKSEVÅG
2796,5165,LAKSEVÅG
2797,5170,BJØRNDALSTRÆ
2798,5171,LODDEFJORD
2799,5172,LODDEFJORD
2800,5173,LODDEFJORD
2801,5174,MATHOPEN
2802,5176,LODDEFJORD
2803,5177,BJØRØYHAMN
2804,5178,LODDEFJORD
2805,5179,GODVIK
2806,5183,OLSVIK
2807,5184,OLSVIK
2808,5200,OS
2809,5201,OS
2810,5202,OS
2811,5203,OS
2812,5206,OS
2813,5207,SØFTELAND
2814,5208,OS
2815,5209,OS
2816,5210,OS
2817,5211,OS
2818,5212,SØFTELAND
2819,5213,LEPSØY
2820,5214,LYSEKLOSTER
2821,5215,LYSEKLOSTER
2822,5216,LEPSØY
2823,5217,HAGAVIK
2824,5218,NORDSTRØNO
2825,5221,NESTTUN
2826,5222,NESTTUN
2827,5223,NESTTUN
2828,5224,NESTTUN
2829,5225,NESTTUN
2830,5226,NESTTUN
2831,5227,NESTTUN
2832,5228,NESTTUN
2833,5229,KALANDSEIDET
2834,5230,PARADIS
2835,5231,PARADIS
2836,5232,PARADIS
2837,5235,RÅDAL
2838,5236,RÅDAL
2839,5237,RÅDAL
2840,5238,RÅDAL
2841,5239,RÅDAL
2842,5243,FANA
2843,5244,FANA
2844,5251,SØREIDGREND
2845,5252,SØREIDGREND
2846,5253,SANDSLI
2847,5254,SANDSLI
2848,5257,KOKSTAD
2849,5258,BLOMSTERDALEN
2850,5259,HJELLESTAD
2851,5260,INDRE ARNA
2852,5261,INDRE ARNA
2853,5262,ARNATVEIT
2854,5263,TRENGEREID
2855,5264,GARNES
2856,5265,YTRE ARNA
2857,5267,ESPELAND
2858,5268,HAUKELAND
2859,5281,VALESTRANDSFOSSEN
2860,5282,LONEVÅG
2861,5283,FOTLANDSVÅG
2862,5284,TYSSEBOTNEN
2863,5285,BRUVIK
2864,5286,HAUS
2865,5291,VALESTRANDSFOSSEN
2866,5293,LONEVÅG
2867,5299,HAUS
2868,5300,KLEPPESTØ
2869,5301,KLEPPESTØ
2870,5302,STRUSSHAMN
2871,5303,FOLLESE
2872,5304,HETLEVIK
2873,5305,FLORVÅG
2874,5306,ERDAL
2875,5307,ASK
2876,5308,KLEPPESTØ
2877,5309,KLEPPESTØ
2878,5310,HAUGLANDSHELLA
2879,5311,KJERRGARDEN
2880,5314,KJERRGARDEN
2881,5315,HERDLA
2882,5318,STRUSSHAMN
2883,5319,KLEPPESTØ
2884,5321,KLEPPESTØ
2885,5322,KLEPPESTØ
2886,5323,KLEPPESTØ
2887,5325,FOLLESE
2888,5326,ASK
2889,5327,HAUGLANDSHELLA
2890,5329,FLORVÅG
2891,5331,RONG
2892,5333,TJELDSTØ
2893,5334,HELLESØY
2894,5335,HERNAR
2895,5336,TJELDSTØ
2896,5337,RONG
2897,5341,STRAUME
2898,5342,STRAUME
2899,5343,STRAUME
2900,5345,KNARREVIK
2901,5346,ÅGOTNES
2902,5347,ÅGOTNES
2903,5350,BRATTHOLMEN
2904,5353,STRAUME
2905,5354,STRAUME
2906,5355,KNARREVIK
2907,5357,FJELL
2908,5358,FJELL
2909,5360,KOLLTVEIT
2910,5363,ÅGOTNES
2911,5365,TURØY
2912,5366,MISJE
2913,5371,SKOGSVÅG
2914,5374,STEINSLAND
2915,5378,KLOKKARVIK
2916,5379,STEINSLAND
2917,5380,TELAVÅG
2918,5381,GLESVÆR
2919,5382,SKOGSVÅG
2920,5384,TORANGSVÅG
2921,5385,BAKKASUND
2922,5387,MØKSTER
2923,5388,LITLAKALSØY
2924,5392,STOREBØ
2925,5393,STOREBØ
2926,5394,KOLBEINSVIK
2927,5396,VESTRE VINNESVÅG
2928,5397,BEKKJARVIK
2929,5398,STOLMEN
2930,5399,BEKKJARVIK
2931,5401,STORD
2932,5402,STORD
2933,5403,STORD
2934,5404,STORD
2935,5406,STORD
2936,5407,STORD
2937,5408,SAGVÅG
2938,5409,STORD
2939,5410,SAGVÅG
2940,5411,STORD
2941,5412,STORD
2942,5413,HUGLO
2943,5414,STORD
2944,5415,STORD
2945,5416,STORD
2946,5417,STORD
2947,5418,FITJAR
2948,5419,FITJAR
2949,5420,RUBBESTADNESET
2950,5423,BRANDASUND
2951,5427,URANGSVÅG
2952,5428,FOLDRØYHAMN
2953,5430,BREMNES
2954,5437,FINNÅS
2955,5440,MOSTERHAMN
2956,5443,BØMLO
2957,5444,ESPEVÆR
2958,5445,BREMNES
2959,5447,MOSTERHAMN
2960,5449,BØMLO
2961,5450,SUNDE I SUNNHORDLAND
2962,5451,VALEN
2963,5452,SANDVOLL
2964,5453,UTÅKER
2965,5454,SÆBØVIK
2966,5455,HALSNØY KLOSTER
2967,5457,HØYLANDSBYGD
2968,5458,ARNAVIK
2969,5459,FJELBERG
2970,5460,HUSNES
2971,5462,HERØYSUNDET
2972,5463,USKEDALEN
2973,5464,DIMMELSVIK
2974,5465,USKEDALEN
2975,5470,ROSENDAL
2976,5472,SEIMSFOSS
2977,5473,SNILSTVEITØY
2978,5474,LØFALLSTRAND
2979,5475,ÆNES
2980,5476,MAURANGER
2981,5480,HUSNES
2982,5484,SÆBØVIK
2983,5486,ROSENDAL
2984,5498,MATRE
2985,5499,ÅKRA
2986,5501,HAUGESUND
2987,5502,HAUGESUND
2988,5503,HAUGESUND
2989,5504,HAUGESUND
2990,5505,HAUGESUND
2991,5506,HAUGESUND
2992,5507,HAUGESUND
2993,5508,KARMSUND
2994,5509,HAUGESUND
2995,5511,HAUGESUND
2996,5512,HAUGESUND
2997,5514,HAUGESUND
2998,5515,HAUGESUND
2999,5516,HAUGESUND
3000,5517,HAUGESUND
3001,5518,HAUGESUND
3002,5519,HAUGESUND
3003,5521,HAUGESUND
3004,5522,HAUGESUND
3005,5523,HAUGESUND
3006,5525,HAUGESUND
3007,5527,HAUGESUND
3008,5528,HAUGESUND
3009,5529,HAUGESUND
3010,5531,HAUGESUND
3011,5532,HAUGESUND
3012,5533,HAUGESUND
3013,5534,HAUGESUND
3014,5535,HAUGESUND
3015,5536,HAUGESUND
3016,5537,HAUGESUND
3017,5538,HAUGESUND
3018,5541,KOLNES
3019,5542,KARMSUND
3020,5544,VORMEDAL
3021,5545,VORMEDAL
3022,5546,RØYKSUND
3023,5547,UTSIRA
3024,5548,FEØY
3025,5549,RØVÆR
3026,5550,SVEIO
3027,5551,AUKLANDSHAMN
3028,5554,VALEVÅG
3029,5555,FØRDE I HORDALAND
3030,5556,FØRDE I HORDALAND
3031,5559,SVEIO
3032,5560,NEDSTRAND
3033,5561,BOKN
3034,5562,NEDSTRAND
3035,5563,FØRRESFJORDEN
3036,5565,TYSVÆRVÅG
3037,5566,HERVIK
3038,5567,SKJOLDASTRAUMEN
3039,5568,VIKEBYGD
3040,5569,BOKN
3041,5570,AKSDAL
3042,5574,SKJOLD
3043,5575,AKSDAL
3044,5576,ØVRE VATS
3045,5578,NEDRE VATS
3046,5580,ØLEN
3047,5582,ØLENSVÅG
3048,5583,VIKEDAL
3049,5584,BJOA
3050,5585,SANDEID
3051,5586,VIKEDAL
3052,5588,ØLEN
3053,5589,SANDEID
3054,5590,ETNE
3055,5591,ETNE
3056,5593,SKÅNEVIK
3057,5594,SKÅNEVIK
3058,5595,FØRRESFJORDEN
3059,5596,MARKHUS
3060,5598,FJÆRA
3061,5600,NORHEIMSUND
3062,5601,NORHEIMSUND
3063,5602,NORHEIMSUND
3064,5604,ØYSTESE
3065,5605,ÅLVIK
3066,5610,ØYSTESE
3067,5612,STEINSTØ
3068,5614,ÅLVIK
3069,5620,TØRVIKBYGD
3070,5626,KYSNESSTRAND
3071,5627,JONDAL
3072,5628,HERAND
3073,5629,JONDAL
3074,5630,STRANDEBARM
3075,5631,STRANDEBARM
3076,5632,OMASTRAND
3077,5633,OMASTRAND
3078,5635,HATLESTRAND
3079,5636,VARALDSØY
3080,5637,ØLVE
3081,5640,EIKELANDSOSEN
3082,5641,FUSA
3083,5642,HOLMEFJORD
3084,5643,STRANDVIK
3085,5644,SÆVAREID
3086,5645,SÆVAREID
3087,5646,NORDTVEITGREND
3088,5647,BALDERSHEIM
3089,5648,FUSA
3090,5649,EIKELANDSOSEN
3091,5650,TYSSE
3092,5651,TYSSE
3093,5652,ÅRLAND
3094,5653,ÅRLAND
3095,5680,TYSNES
3096,5683,REKSTEREN
3097,5685,UGGDAL
3098,5687,FLATRÅKER
3099,5690,LUNDEGREND
3100,5693,ÅRBAKKA
3101,5694,ONARHEIM
3102,5695,UGGDAL
3103,5696,TYSNES
3104,5700,VOSS
3105,5701,VOSS
3106,5702,VOSS
3107,5703,VOSS
3108,5704,VOSS
3109,5705,VOSS
3110,5706,VOSS
3111,5707,EVANGER
3112,5708,VOSS
3113,5709,VOSS
3114,5710,SKULESTADMO
3115,5711,SKULESTADMO
3116,5712,VOSSESTRAND
3117,5713,VOSSESTRAND
3118,5714,VOSS
3119,5715,STALHEIM
3120,5718,MYRDAL
3121,5719,FINSE
3122,5720,STANGHELLE
3123,5721,DALEKVAM
3124,5722,DALEKVAM
3125,5723,BOLSTADØYRI
3126,5724,STANGHELLE
3127,5725,VAKSDAL
3128,5726,VAKSDAL
3129,5727,STAMNES
3130,5728,EIDSLANDET
3131,5729,MODALEN
3132,5730,ULVIK
3133,5731,ULVIK
3134,5732,MODALEN
3135,5733,GRANVIN
3136,5734,VALLAVIK
3137,5736,GRANVIN
3138,5741,AURLAND
3139,5742,FLÅM
3140,5743,FLÅM
3141,5745,AURLAND
3142,5746,UNDREDAL
3143,5747,GUDVANGEN
3144,5749,GUDVANGEN
3145,5750,ODDA
3146,5751,ODDA
3147,5752,ODDA
3148,5760,RØLDAL
3149,5763,SKARE
3150,5770,TYSSEDAL
3151,5773,HOVLAND
3152,5775,NÅ
3153,5776,NÅ
3154,5777,GRIMO
3155,5778,UTNE
3156,5779,UTNE
3157,5780,KINSARVIK
3158,5781,LOFTHUS
3159,5782,KINSARVIK
3160,5783,EIDFJORD
3161,5784,ØVRE EIDFJORD
3162,5785,VØRINGSFOSS
3163,5786,EIDFJORD
3164,5787,LOFTHUS
3165,5788,KINSARVIK
3166,5802,BERGEN
3167,5803,BERGEN
3168,5804,BERGEN
3169,5805,BERGEN
3170,5806,BERGEN
3171,5807,BERGEN
3172,5808,BERGEN
3173,5809,BERGEN
3174,5810,BERGEN
3175,5811,BERGEN
3176,5812,BERGEN
3177,5813,BERGEN
3178,5814,BERGEN
3179,5815,BERGEN
3180,5816,BERGEN
3181,5817,BERGEN
3182,5818,BERGEN
3183,5819,BERGEN
3184,5820,BERGEN
3185,5821,BERGEN
3186,5822,BERGEN
3187,5823,BERGEN
3188,5824,BERGEN
3189,5825,BERGEN
3190,5826,BERGEN
3191,5827,BERGEN
3192,5829,BERGEN
3193,5830,BERGEN
3194,5831,BERGEN
3195,5832,BERGEN
3196,5833,BERGEN
3197,5834,BERGEN
3198,5835,BERGEN
3199,5836,BERGEN
3200,5837,BERGEN
3201,5838,BERGEN
3202,5841,BERGEN
3203,5843,BERGEN
3204,5844,BERGEN
3205,5845,BERGEN
3206,5847,BERGEN
3207,5848,BERGEN
3208,5849,BERGEN
3209,5851,BERGEN
3210,5852,BERGEN
3211,5853,BERGEN
3212,5854,BERGEN
3213,5855,BERGEN
3214,5857,BERGEN
3215,5858,BERGEN
3216,5859,BERGEN
3217,5861,BERGEN
3218,5862,BERGEN
3219,5863,BERGEN
3220,5864,BERGEN
3221,5865,BERGEN
3222,5866,BERGEN
3223,5867,BERGEN
3224,5868,BERGEN
3225,5869,BERGEN
3226,5872,BERGEN
3227,5873,BERGEN
3228,5876,BERGEN
3229,5877,BERGEN
3230,5878,BERGEN
3231,5879,BERGEN
3232,5881,BERGEN
3233,5884,BERGEN
3234,5886,BERGEN
3235,5887,BERGEN
3236,5888,BERGEN
3237,5889,BERGEN
3238,5892,BERGEN
3239,5893,BERGEN
3240,5895,BERGEN
3241,5896,BERGEN
3242,5899,BERGEN
3243,5902,ISDALSTØ
3244,5903,ISDALSTØ
3245,5904,ISDALSTØ
3246,5906,FREKHAUG
3247,5907,ALVERSUND
3248,5908,ISDALSTØ
3249,5911,ALVERSUND
3250,5912,SEIM
3251,5913,EIKANGERVÅG
3252,5914,ISDALSTØ
3253,5915,HJELMÅS
3254,5916,ISDALSTØ
3255,5917,ROSSLAND
3256,5918,FREKHAUG
3257,5919,FREKHAUG
3258,5931,MANGER
3259,5935,BØVÅGEN
3260,5936,MANGER
3261,5937,BØVÅGEN
3262,5938,SÆBØVÅGEN
3263,5939,SLETTA
3264,5941,AUSTRHEIM
3265,5943,AUSTRHEIM
3266,5947,FEDJE
3267,5948,FEDJE
3268,5951,LINDÅS
3269,5952,FONNES
3270,5953,FONNES
3271,5954,MONGSTAD
3272,5955,LINDÅS
3273,5956,HUNDVIN
3274,5957,MYKING
3275,5960,DALSØYRA
3276,5961,BREKKE
3277,5962,BJORDAL
3278,5963,DALSØYRA
3279,5964,BREKKE
3280,5965,BJORDAL
3281,5966,EIVINDVIK
3282,5967,EIVINDVIK
3283,5970,BYRKNESØY
3284,5977,ÅNNELAND
3285,5978,MJØMNA
3286,5979,BYRKNESØY
3287,5981,MASFJORDNES
3288,5982,MASFJORDNES
3289,5983,HAUGSVÆR
3290,5984,MATREDAL
3291,5985,HAUGSVÆR
3292,5986,HOSTELAND
3293,5987,HOSTELAND
3294,5991,OSTEREIDET
3295,5993,OSTEREIDET
3296,5994,VIKANES
3297,6001,ÅLESUND
3298,6002,ÅLESUND
3299,6003,ÅLESUND
3300,6004,ÅLESUND
3301,6005,ÅLESUND
3302,6006,ÅLESUND
3303,6007,ÅLESUND
3304,6008,ÅLESUND
3305,6009,ÅLESUND
3306,6010,ÅLESUND
3307,6011,ÅLESUND
3308,6012,ÅLESUND
3309,6013,ÅLESUND
3310,6014,ÅLESUND
3311,6015,ÅLESUND
3312,6016,ÅLESUND
3313,6017,ÅLESUND
3314,6018,ÅLESUND
3315,6019,ÅLESUND
3316,6020,ÅLESUND
3317,6021,ÅLESUND
3318,6022,ÅLESUND
3319,6023,ÅLESUND
3320,6024,ÅLESUND
3321,6025,ÅLESUND
3322,6026,ÅLESUND
3323,6028,ÅLESUND
3324,6030,LANGEVÅG
3325,6034,EIDSNES
3326,6035,FISKARSTRAND
3327,6036,MAUSEIDVÅG
3328,6037,EIDSNES
3329,6039,LANGEVÅG
3330,6040,VIGRA
3331,6044,ÅLESUND
3332,6045,ÅLESUND
3333,6046,ÅLESUND
3334,6047,ÅLESUND
3335,6048,ÅLESUND
3336,6050,VALDERØYA
3337,6052,GISKE
3338,6054,GODØYA
3339,6055,GODØYA
3340,6057,ELLINGSØY
3341,6058,VALDERØYA
3342,6059,VIGRA
3343,6060,HAREID
3344,6062,BRANDAL
3345,6063,HJØRUNGAVÅG
3346,6064,HADDAL
3347,6065,ULSTEINVIK
3348,6067,ULSTEINVIK
3349,6068,EIKSUND
3350,6069,HAREID
3351,6070,TJØRVÅG
3352,6075,MOLTUSTRANDA
3353,6076,MOLTUSTRANDA
3354,6078,GJERDSVIKA
3355,6079,GURSKØY
3356,6080,GURSKØY
3357,6082,GURSKEN
3358,6083,GJERDSVIKA
3359,6084,LARSNES
3360,6085,LARSNES
3361,6086,KVAMSØY
3362,6087,KVAMSØY
3363,6088,SANDSHAMN
3364,6089,SANDSHAMN
3365,6090,FOSNAVÅG
3366,6091,FOSNAVÅG
3367,6092,FOSNAVÅG
3368,6094,LEINØY
3369,6095,BØLANDET
3370,6096,RUNDE
3371,6098,NERLANDSØY
3372,6099,FOSNAVÅG
3373,6100,VOLDA
3374,6101,VOLDA
3375,6102,VOLDA
3376,6103,VOLDA
3377,6104,VOLDA
3378,6105,VOLDA
3379,6106,VOLDA
3380,6110,AUSTEFJORDEN
3381,6120,FOLKESTAD
3382,6121,FOLKESTAD
3383,6133,LAUVSTAD
3384,6134,LAUVSTAD
3385,6138,SYVDE
3386,6139,FISKÅ
3387,6140,SYVDE
3388,6141,ROVDE
3389,6142,EIDSÅ
3390,6143,FISKÅ
3391,6144,SYLTE
3392,6146,ÅHEIM
3393,6147,ÅHEIM
3394,6149,ÅRAM
3395,6150,ØRSTA
3396,6151,ØRSTA
3397,6152,ØRSTA
3398,6153,ØRSTA
3399,6154,ØRSTA
3400,6155,ØRSTA
3401,6156,ØRSTA
3402,6160,HOVDEBYGDA
3403,6161,HOVDEBYGDA
3404,6165,SÆBØ
3405,6166,SÆBØ
3406,6170,VARTDAL
3407,6171,VARTDAL
3408,6174,BARSTADVIK
3409,6183,TRANDAL
3410,6184,STORESTANDAL
3411,6190,BJØRKE
3412,6196,NORANGSFJORDEN
3413,6200,STRANDA
3414,6201,STRANDA
3415,6210,VALLDAL
3416,6211,VALLDAL
3417,6212,LIABYGDA
3418,6213,TAFJORD
3419,6214,NORDDAL
3420,6215,EIDSDAL
3421,6216,GEIRANGER
3422,6217,GEIRANGER
3423,6218,HELLESYLT
3424,6219,HELLESYLT
3425,6220,STRAUMGJERDE
3426,6222,IKORNNES
3427,6223,IKORNNES
3428,6224,HUNDEIDVIK
3429,6230,SYKKYLVEN
3430,6238,STRAUMGJERDE
3431,6239,SYKKYLVEN
3432,6240,ØRSKOG
3433,6249,ØRSKOG
3434,6250,STORDAL
3435,6255,EIDSDAL
3436,6259,STORDAL
3437,6260,SKODJE
3438,6263,SKODJE
3439,6264,TENNFJORD
3440,6265,VATNE
3441,6270,BRATTVÅG
3442,6272,HILDRE
3443,6280,SØVIK
3444,6281,SØVIK
3445,6282,BRATTVÅG
3446,6283,VATNE
3447,6285,STOREKALVØY
3448,6286,ORTEN
3449,6287,HARØY
3450,6290,HARAMSØY
3451,6291,HARAMSØY
3452,6292,KJERSTAD
3453,6293,LONGVA
3454,6294,FJØRTOFT
3455,6295,MYKLEBOST
3456,6296,HARØY
3457,6297,SANDØY
3458,6298,ONA
3459,6300,ÅNDALSNES
3460,6301,ÅNDALSNES
3461,6310,VEBLUNGSNES
3462,6315,INNFJORDEN
3463,6320,ISFJORDEN
3464,6330,VERMA
3465,6331,VERMA
3466,6339,ISFJORDEN
3467,6350,EIDSBYGDA
3468,6360,ÅFARNES
3469,6361,ÅFARNES
3470,6363,MITTET
3471,6364,VISTDAL
3472,6365,VISTDAL
3473,6385,MÅNDALEN
3474,6386,MÅNDALEN
3475,6387,VÅGSTRANDA
3476,6388,VÅGSTRANDA
3477,6389,FIKSDAL
3478,6390,VESTNES
3479,6391,TRESFJORD
3480,6392,VIKEBUKT
3481,6393,TOMREFJORD
3482,6394,FIKSDAL
3483,6395,REKDAL
3484,6396,VIKEBUKT
3485,6397,TRESFJORD
3486,6398,TOMREFJORD
3487,6399,VESTNES
3488,6401,MOLDE
3489,6402,MOLDE
3490,6403,MOLDE
3491,6404,MOLDE
3492,6405,MOLDE
3493,6407,MOLDE
3494,6408,AUREOSEN
3495,6409,MOLDE
3496,6410,MOLDE
3497,6411,MOLDE
3498,6412,MOLDE
3499,6413,MOLDE
3500,6414,MOLDE
3501,6415,MOLDE
3502,6416,MOLDE
3503,6418,SEKKEN
3504,6419,MOLDE
3505,6420,MOLDE
3506,6421,MOLDE
3507,6422,MOLDE
3508,6423,MOLDE
3509,6425,MOLDE
3510,6429,MOLDE
3511,6430,BUD
3512,6431,BUD
3513,6433,HUSTAD
3514,6434,MOLDE
3515,6435,MOLDE
3516,6436,MOLDE
3517,6440,ELNESVÅGEN
3518,6443,TORNES I ROMSDAL
3519,6444,FARSTAD
3520,6445,MALMEFJORDEN
3521,6446,FARSTAD
3522,6447,ELNESVÅGEN
3523,6450,HJELSET
3524,6452,KLEIVE
3525,6453,KLEIVE
3526,6454,HJELSET
3527,6455,KORTGARDEN
3528,6456,SKÅLA
3529,6457,BOLSØYA
3530,6458,SKÅLA
3531,6460,EIDSVÅG I ROMSDAL
3532,6461,EIDSVÅG I ROMSDAL
3533,6462,RAUDSAND
3534,6470,ERESFJORD
3535,6471,ERESFJORD
3536,6472,EIKESDAL
3537,6475,MIDSUND
3538,6476,MIDSUND
3539,6480,AUKRA
3540,6481,AUKRA
3541,6490,EIDE
3542,6493,LYNGSTAD
3543,6494,VEVANG
3544,6499,EIDE
3545,6501,KRISTIANSUND N
3546,6502,KRISTIANSUND N
3547,6503,KRISTIANSUND N
3548,6504,KRISTIANSUND N
3549,6506,KRISTIANSUND N
3550,6507,KRISTIANSUND N
3551,6508,KRISTIANSUND N
3552,6509,KRISTIANSUND N
3553,6510,KRISTIANSUND N
3554,6511,KRISTIANSUND N
3555,6512,KRISTIANSUND N
3556,6514,KRISTIANSUND N
3557,6515,KRISTIANSUND N
3558,6516,KRISTIANSUND N
3559,6517,KRISTIANSUND N
3560,6518,KRISTIANSUND N
3561,6520,FREI
3562,6521,FREI
3563,6522,FREI
3564,6523,FREI
3565,6524,FREI
3566,6525,FREI
3567,6527,FREI
3568,6528,FREI
3569,6529,FREI
3570,6530,AVERØY
3571,6531,AVERØY
3572,6532,AVERØY
3573,6533,AVERØY
3574,6538,AVERØY
3575,6539,AVERØY
3576,6546,KRISTIANSUND N
3577,6547,KRISTIANSUND N
3578,6548,KRISTIANSUND N
3579,6549,KRISTIANSUND N
3580,6570,SMØLA
3581,6571,SMØLA
3582,6590,TUSTNA
3583,6591,TUSTNA
3584,6600,SUNNDALSØRA
3585,6601,SUNNDALSØRA
3586,6610,ØKSENDAL
3587,6611,FURUGRENDA
3588,6612,GRØA
3589,6613,GJØRA
3590,6614,GJØRA
3591,6620,ÅLVUNDEID
3592,6622,ÅLVUNDFJORD
3593,6623,ÅLVUNDFJORD
3594,6627,TINGVOLL
3595,6628,MEISINGSET
3596,6629,TORJULVÅGEN
3597,6630,TINGVOLL
3598,6631,BATNFJORDSØRA
3599,6632,BATNFJORDSØRA
3600,6633,GJEMNES
3601,6636,ANGVIK
3602,6637,FLEMMA
3603,6638,OSMARKA
3604,6639,TORVIKBUKT
3605,6640,KVANNE
3606,6641,TORVIKBUKT
3607,6642,STANGVIK
3608,6643,BØFJORDEN
3609,6644,BÆVERFJORD
3610,6645,TODALEN
3611,6650,SURNADAL
3612,6652,SURNADAL
3613,6653,ØVRE SURNADAL
3614,6655,VINDØLA
3615,6656,SURNADAL
3616,6657,RINDAL
3617,6658,RINDALSSKOGEN
3618,6659,RINDAL
3619,6670,ØYDEGARD
3620,6671,ØYDEGARD
3621,6674,KVISVIK
3622,6675,KVISVIK
3623,6680,HALSANAUSTAN
3624,6683,VÅGLAND
3625,6686,VALSØYBOTN
3626,6687,VALSØYFJORD
3627,6688,VÅGLAND
3628,6689,AURE
3629,6690,AURE
3630,6693,MJOSUNDET
3631,6694,FOLDFJORDEN
3632,6697,VIHALS
3633,6698,LESUND
3634,6699,KJØRSVIKBUGEN
3635,6700,MÅLØY
3636,6701,MÅLØY
3637,6702,MÅLØY
3638,6703,MÅLØY
3639,6704,DEKNEPOLLEN
3640,6707,RAUDEBERG
3641,6708,BRYGGJA
3642,6710,RAUDEBERG
3643,6711,BRYGGJA
3644,6713,ALMENNINGEN
3645,6714,SILDA
3646,6715,BARMEN
3647,6716,HUSEVÅG
3648,6717,FLATRAKET
3649,6718,DEKNEPOLLEN
3650,6719,SKATESTRAUMEN
3651,6721,SVELGEN
3652,6723,SVELGEN
3653,6726,BREMANGER
3654,6727,BREMANGER
3655,6728,KALVÅG
3656,6729,KALVÅG
3657,6730,DAVIK
3658,6734,RUGSUND
3659,6737,ÅLFOTEN
3660,6740,SELJE
3661,6741,SELJE
3662,6750,STADLANDET
3663,6751,STADLANDET
3664,6761,HORNINDAL
3665,6763,HORNINDAL
3666,6770,NORDFJORDEID
3667,6771,NORDFJORDEID
3668,6772,NORDFJORDEID
3669,6773,NORDFJORDEID
3670,6774,NORDFJORDEID
3671,6776,KJØLSDALEN
3672,6777,STÅRHEIM
3673,6778,LOTE
3674,6779,HOLMØYANE
3675,6781,STRYN
3676,6782,STRYN
3677,6783,STRYN
3678,6784,OLDEN
3679,6788,OLDEN
3680,6789,LOEN
3681,6790,LOEN
3682,6791,OLDEDALEN
3683,6792,BRIKSDALSBRE
3684,6793,INNVIK
3685,6794,INNVIK
3686,6795,BLAKSÆTER
3687,6796,HOPLAND
3688,6797,UTVIK
3689,6798,HJELLEDALEN
3690,6799,OPPSTRYN
3691,6800,FØRDE
3692,6801,FØRDE
3693,6802,FØRDE
3694,6803,FØRDE
3695,6804,FØRDE
3696,6805,FØRDE
3697,6806,NAUSTDAL
3698,6807,FØRDE
3699,6808,FØRDE
3700,6809,FØRDE
3701,6810,FØRDE
3702,6811,FØRDE
3703,6812,FØRDE
3704,6813,FØRDE
3705,6814,FØRDE
3706,6815,FØRDE
3707,6817,NAUSTDAL
3708,6818,HAUKEDALEN
3709,6819,FØRDE
3710,6820,FØRDE
3711,6821,SANDANE
3712,6822,SANDANE
3713,6823,SANDANE
3714,6826,BYRKJELO
3715,6827,BREIM
3716,6828,HESTENESØYRA
3717,6829,HYEN
3718,6830,BYRKJELO
3719,6831,HYEN
3720,6841,SKEI I JØLSTER
3721,6843,SKEI I JØLSTER
3722,6844,VASSENDEN
3723,6845,FJÆRLAND
3724,6847,VASSENDEN
3725,6848,FJÆRLAND
3726,6849,KAUPANGER
3727,6851,SOGNDAL
3728,6852,SOGNDAL
3729,6853,SOGNDAL
3730,6854,KAUPANGER
3731,6855,FRØNNINGEN
3732,6856,SOGNDAL
3733,6857,SOGNDAL
3734,6858,FARDAL
3735,6859,SLINDA
3736,6861,LEIKANGER
3737,6863,LEIKANGER
3738,6866,GAUPNE
3739,6867,HAFSLO
3740,6868,GAUPNE
3741,6869,HAFSLO
3742,6870,ORNES
3743,6871,JOSTEDAL
3744,6872,LUSTER
3745,6873,MARIFJØRA
3746,6874,LUSTER
3747,6875,HØYHEIMSVIK
3748,6876,SKJOLDEN
3749,6877,FORTUN
3750,6878,VEITASTROND
3751,6879,SOLVORN
3752,6881,ÅRDALSTANGEN
3753,6882,ØVRE ÅRDAL
3754,6884,ØVRE ÅRDAL
3755,6885,ÅRDALSTANGEN
3756,6886,LÆRDAL
3757,6887,LÆRDAL
3758,6888,BORGUND
3759,6891,VIK I SOGN
3760,6893,VIK I SOGN
3761,6894,VANGSNES
3762,6895,FEIOS
3763,6896,FRESVIK
3764,6898,BALESTRAND
3765,6899,BALESTRAND
3766,6900,FLORØ
3767,6901,FLORØ
3768,6902,FLORØ
3769,6903,FLORØ
3770,6905,FLORØ
3771,6906,FLORØ
3772,6907,FLORØ
3773,6908,FLORØ
3774,6909,FLORØ
3775,6910,FLORØ
3776,6912,KINN
3777,6913,FLORØ
3778,6914,SVANØYBUKT
3779,6915,ROGNALDSVÅG
3780,6916,BAREKSTAD
3781,6917,BATALDEN
3782,6918,SØR-SKORPA
3783,6919,TANSØY
3784,6921,HARDBAKKE
3785,6924,HARDBAKKE
3786,6926,KRAKHELLA
3787,6927,YTRØYGREND
3788,6928,KOLGROV
3789,6929,HERSVIKBYGDA
3790,6940,EIKEFJORD
3791,6941,EIKEFJORD
3792,6942,SVORTEVIK
3793,6944,STAVANG
3794,6946,LAVIK
3795,6947,LAVIK
3796,6951,HYLLESTAD
3797,6953,LEIRVIK I SOGN
3798,6957,HYLLESTAD
3799,6958,SØRBØVÅG
3800,6959,SØRBØVÅG
3801,6961,DALE I SUNNFJORD
3802,6963,DALE I SUNNFJORD
3803,6964,KORSSUND
3804,6966,GUDDAL
3805,6967,HELLEVIK I FJALER
3806,6968,FLEKKE
3807,6969,STRAUMSNES
3808,6971,SANDE I SUNNFJORD
3809,6973,SANDE I SUNNFJORD
3810,6975,SKILBREI
3811,6976,BYGSTAD
3812,6977,BYGSTAD
3813,6978,VIKSDALEN
3814,6980,ASKVOLL
3815,6982,HOLMEDAL
3816,6983,KVAMMEN
3817,6984,STONGFJORDEN
3818,6985,ATLØY
3819,6986,VÆRLANDET
3820,6987,BULANDET
3821,6988,ASKVOLL
3822,6991,HØYANGER
3823,6993,HØYANGER
3824,6994,NESSANE
3825,6995,KYRKJEBØ
3826,6996,VADHEIM
3827,6997,VADHEIM
3828,7003,TRONDHEIM
3829,7004,TRONDHEIM
3830,7005,TRONDHEIM
3831,7006,TRONDHEIM
3832,7010,TRONDHEIM
3833,7011,TRONDHEIM
3834,7012,TRONDHEIM
3835,7013,TRONDHEIM
3836,7014,TRONDHEIM
3837,7015,TRONDHEIM
3838,7016,TRONDHEIM
3839,7017,TRONDHEIM
3840,7018,TRONDHEIM
3841,7019,TRONDHEIM
3842,7020,TRONDHEIM
3843,7021,TRONDHEIM
3844,7022,TRONDHEIM
3845,7023,TRONDHEIM
3846,7024,TRONDHEIM
3847,7025,TRONDHEIM
3848,7026,TRONDHEIM
3849,7027,TRONDHEIM
3850,7028,TRONDHEIM
3851,7029,TRONDHEIM
3852,7030,TRONDHEIM
3853,7031,TRONDHEIM
3854,7032,TRONDHEIM
3855,7033,TRONDHEIM
3856,7034,TRONDHEIM
3857,7035,TRONDHEIM
3858,7036,TRONDHEIM
3859,7037,TRONDHEIM
3860,7038,TRONDHEIM
3861,7039,TRONDHEIM
3862,7040,TRONDHEIM
3863,7041,TRONDHEIM
3864,7042,TRONDHEIM
3865,7043,TRONDHEIM
3866,7044,TRONDHEIM
3867,7045,TRONDHEIM
3868,7046,TRONDHEIM
3869,7047,TRONDHEIM
3870,7048,TRONDHEIM
3871,7049,TRONDHEIM
3872,7050,TRONDHEIM
3873,7051,TRONDHEIM
3874,7052,TRONDHEIM
3875,7053,RANHEIM
3876,7054,RANHEIM
3877,7055,RANHEIM
3878,7056,RANHEIM
3879,7057,JONSVATNET
3880,7058,JAKOBSLI
3881,7059,JAKOBSLI
3882,7066,TRONDHEIM
3883,7067,TRONDHEIM
3884,7068,TRONDHEIM
3885,7069,TRONDHEIM
3886,7070,BOSBERG
3887,7071,TRONDHEIM
3888,7072,HEIMDAL
3889,7074,SPONGDAL
3890,7075,TILLER
3891,7078,SAUPSTAD
3892,7079,FLATÅSEN
3893,7080,HEIMDAL
3894,7081,SJETNEMARKA
3895,7082,KATTEM
3896,7083,LEINSTRAND
3897,7088,HEIMDAL
3898,7089,HEIMDAL
3899,7091,TILLER
3900,7092,TILLER
3901,7093,TILLER
3902,7097,SAUPSTAD
3903,7098,SAUPSTAD
3904,7099,FLATÅSEN
3905,7100,RISSA
3906,7101,RISSA
3907,7105,STADSBYGD
3908,7110,FEVÅG
3909,7111,HASSELVIKA
3910,7112,HASSELVIKA
3911,7113,HUSBYSJØEN
3912,7114,RÅKVÅG
3913,7115,HUSBYSJØEN
3914,7116,RÅKVÅG
3915,7119,STADSBYGD
3916,7120,LEKSVIK
3917,7121,LEKSVIK
3918,7125,VANVIKAN
3919,7126,VANVIKAN
3920,7127,OPPHAUG
3921,7129,BREKSTAD
3922,7130,BREKSTAD
3923,7140,OPPHAUG
3924,7142,UTHAUG
3925,7150,STORFOSNA
3926,7151,STORFOSNA
3927,7152,KRÅKVÅG
3928,7153,GARTEN
3929,7156,LEKSA
3930,7159,BJUGN
3931,7160,BJUGN
3932,7164,LYSØYSUNDET
3933,7165,OKSVOLL
3934,7166,TARVA
3935,7167,VALLERSUND
3936,7168,LYSØYSUNDET
3937,7169,ÅFJORD
3938,7170,ÅFJORD
3939,7174,REVSNES
3940,7175,STOKKØY
3941,7176,LINESØYA
3942,7177,REVSNES
3943,7178,STOKKØY
3944,7180,ROAN
3945,7181,ROAN
3946,7190,BESSAKER
3947,7194,BRANDSFJORD
3948,7200,KYRKSÆTERØRA
3949,7201,KYRKSÆTERØRA
3950,7203,VINJEØRA
3951,7206,HELLANDSJØEN
3952,7207,YTRE SNILLFJORD
3953,7211,KORSVEGEN
3954,7212,KORSVEGEN
3955,7213,GÅSBAKKEN
3956,7221,MELHUS
3957,7223,MELHUS
3958,7224,MELHUS
3959,7227,GIMSE
3960,7228,KVÅL
3961,7231,LUNDAMO
3962,7232,LUNDAMO
3963,7234,LER
3964,7235,LER
3965,7236,HOVIN I GAULDAL
3966,7238,HOVIN I GAULDAL
3967,7239,HITRA
3968,7240,HITRA
3969,7241,ANSNES
3970,7242,KNARRLAGSUND
3971,7243,KVENVÆR
3972,7244,KNARRLAGSUND
3973,7245,KVENVÆR
3974,7246,SANDSTAD
3975,7247,HESTVIKA
3976,7250,MELANDSJØ
3977,7252,DOLMØY
3978,7255,SUNDLANDET
3979,7256,HEMNSKJELA
3980,7257,SNILLFJORD
3981,7259,SNILLFJORD
3982,7260,SISTRANDA
3983,7261,SISTRANDA
3984,7263,HAMARVIK
3985,7264,HAMARVIK
3986,7266,KVERVA
3987,7267,KVERVA
3988,7268,TITRAN
3989,7270,DYRVIK
3990,7273,NORDDYRØY
3991,7274,NORDDYRØY
3992,7280,SULA
3993,7282,BOGØYVÆR
3994,7284,MAUSUND
3995,7285,GJÆSINGEN
3996,7286,SØRBURØY
3997,7287,SAUØY
3998,7288,SOKNEDAL
3999,7289,SOKNEDAL
4000,7290,STØREN
4001,7291,STØREN
4002,7295,ROGNES
4003,7298,BUDALEN
4004,7300,ORKANGER
4005,7301,ORKANGER
4006,7302,ORKANGER
4007,7303,ORKANGER
4008,7310,GJØLME
4009,7315,LENSVIK
4010,7316,LENSVIK
4011,7318,AGDENES
4012,7319,AGDENES
4013,7320,FANNREM
4014,7321,FANNREM
4015,7327,SVORKMO
4016,7329,SVORKMO
4017,7331,LØKKEN VERK
4018,7332,LØKKEN VERK
4019,7333,STORÅS
4020,7334,STORÅS
4021,7335,JERPSTAD
4022,7336,MELDAL
4023,7338,MELDAL
4024,7340,OPPDAL
4025,7341,OPPDAL
4026,7342,LØNSET
4027,7343,VOGNILL
4028,7345,DRIVA
4029,7350,BUVIKA
4030,7351,BUVIKA
4031,7353,BØRSA
4032,7354,VIGGJA
4033,7355,EGGKLEIVA
4034,7356,SKAUN
4035,7357,SKAUN
4036,7358,BØRSA
4037,7361,RØROS
4038,7370,BREKKEBYGD
4039,7372,GLÅMOS
4040,7374,RØROS
4041,7375,RØROS
4042,7380,ÅLEN
4043,7383,HALTDALEN
4044,7384,ÅLEN
4045,7386,SINGSÅS
4046,7387,SINGSÅS
4047,7388,SINGSÅS
4048,7391,RENNEBU
4049,7392,RENNEBU
4050,7393,RENNEBU
4051,7397,RENNEBU
4052,7398,RENNEBU
4053,7399,RENNEBU
4054,7400,TRONDHEIM
4055,7401,TRONDHEIM
4056,7402,TRONDHEIM
4057,7403,TRONDHEIM
4058,7404,TRONDHEIM
4059,7405,TRONDHEIM
4060,7406,TRONDHEIM
4061,7407,TRONDHEIM
4062,7408,TRONDHEIM
4063,7409,TRONDHEIM
4064,7410,TRONDHEIM
4065,7411,TRONDHEIM
4066,7412,TRONDHEIM
4067,7413,TRONDHEIM
4068,7414,TRONDHEIM
4069,7415,TRONDHEIM
4070,7416,TRONDHEIM
4071,7417,TRONDHEIM
4072,7418,TRONDHEIM
4073,7419,TRONDHEIM
4074,7420,TRONDHEIM
4075,7421,TRONDHEIM
4076,7422,TRONDHEIM
4077,7424,TRONDHEIM
4078,7425,TRONDHEIM
4079,7426,TRONDHEIM
4080,7427,TRONDHEIM
4081,7428,TRONDHEIM
4082,7429,TRONDHEIM
4083,7430,TRONDHEIM
4084,7431,TRONDHEIM
4085,7432,TRONDHEIM
4086,7433,TRONDHEIM
4087,7434,TRONDHEIM
4088,7435,TRONDHEIM
4089,7436,TRONDHEIM
4090,7437,TRONDHEIM
4091,7438,TRONDHEIM
4092,7439,TRONDHEIM
4093,7440,TRONDHEIM
4094,7441,TRONDHEIM
4095,7442,TRONDHEIM
4096,7443,TRONDHEIM
4097,7444,TRONDHEIM
4098,7445,TRONDHEIM
4099,7446,TRONDHEIM
4100,7447,TRONDHEIM
4101,7448,TRONDHEIM
4102,7449,TRONDHEIM
4103,7450,TRONDHEIM
4104,7451,TRONDHEIM
4105,7452,TRONDHEIM
4106,7453,TRONDHEIM
4107,7454,TRONDHEIM
4108,7455,TRONDHEIM
4109,7456,TRONDHEIM
4110,7457,TRONDHEIM
4111,7458,TRONDHEIM
4112,7459,TRONDHEIM
4113,7462,TRONDHEIM
4114,7463,TRONDHEIM
4115,7464,TRONDHEIM
4116,7465,TRONDHEIM
4117,7466,TRONDHEIM
4118,7467,TRONDHEIM
4119,7468,TRONDHEIM
4120,7469,TRONDHEIM
4121,7470,TRONDHEIM
4122,7471,TRONDHEIM
4123,7472,TRONDHEIM
4124,7473,TRONDHEIM
4125,7474,TRONDHEIM
4126,7475,TRONDHEIM
4127,7476,TRONDHEIM
4128,7477,TRONDHEIM
4129,7478,TRONDHEIM
4130,7479,TRONDHEIM
4131,7480,TRONDHEIM
4132,7481,TRONDHEIM
4133,7482,TRONDHEIM
4134,7483,TRONDHEIM
4135,7484,TRONDHEIM
4136,7485,TRONDHEIM
4137,7486,TRONDHEIM
4138,7487,TRONDHEIM
4139,7488,TRONDHEIM
4140,7489,TRONDHEIM
4141,7490,TRONDHEIM
4142,7491,TRONDHEIM
4143,7492,TRONDHEIM
4144,7493,TRONDHEIM
4145,7494,TRONDHEIM
4146,7495,TRONDHEIM
4147,7496,TRONDHEIM
4148,7497,TRONDHEIM
4149,7498,TRONDHEIM
4150,7500,STJØRDAL
4151,7501,STJØRDAL
4152,7502,STJØRDAL
4153,7503,STJØRDAL
4154,7504,STJØRDAL
4155,7505,STJØRDAL
4156,7506,STJØRDAL
4157,7507,STJØRDAL
4158,7508,STJØRDAL
4159,7509,STJØRDAL
4160,7510,SKATVAL
4161,7511,SKATVAL
4162,7512,STJØRDAL
4163,7513,STJØRDAL
4164,7514,STJØRDAL
4165,7517,HELL
4166,7519,ELVARLI
4167,7520,HEGRA
4168,7525,FLORNES
4169,7529,HEGRA
4170,7530,MERÅKER
4171,7531,MERÅKER
4172,7533,KOPPERÅ
4173,7540,KLÆBU
4174,7541,KLÆBU
4175,7549,TANEM
4176,7550,HOMMELVIK
4177,7551,HOMMELVIK
4178,7560,VIKHAMMER
4179,7562,SAKSVIK
4180,7563,MALVIK
4181,7566,VIKHAMMER
4182,7570,HELL
4183,7580,SELBU
4184,7581,SELBU
4185,7583,SELBU
4186,7584,SELBUSTRAND
4187,7590,TYDAL
4188,7591,TYDAL
4189,7596,FLAKNAN
4190,7600,LEVANGER
4191,7601,LEVANGER
4192,7602,LEVANGER
4193,7603,LEVANGER
4194,7604,LEVANGER
4195,7605,LEVANGER
4196,7606,LEVANGER
4197,7607,LEVANGER
4198,7608,LEVANGER
4199,7609,LEVANGER
4200,7610,LEVANGER
4201,7619,SKOGN
4202,7620,SKOGN
4203,7622,MARKABYGDA
4204,7623,RONGLAN
4205,7624,EKNE
4206,7629,YTTERØY
4207,7630,ÅSEN
4208,7631,ÅSEN
4209,7632,ÅSENFJORD
4210,7633,FROSTA
4211,7634,FROSTA
4212,7650,VERDAL
4213,7651,VERDAL
4214,7652,VERDAL
4215,7653,VERDAL
4216,7654,VERDAL
4217,7655,VERDAL
4218,7656,VERDAL
4219,7657,VERDAL
4220,7658,VERDAL
4221,7660,VUKU
4222,7661,VUKU
4223,7670,INDERØY
4224,7671,INDERØY
4225,7672,INDERØY
4226,7690,MOSVIK
4227,7691,MOSVIK
4228,7701,STEINKJER
4229,7702,STEINKJER
4230,7703,STEINKJER
4231,7704,STEINKJER
4232,7705,STEINKJER
4233,7707,STEINKJER
4234,7708,STEINKJER
4235,7709,STEINKJER
4236,7710,SPARBU
4237,7711,STEINKJER
4238,7712,STEINKJER
4239,7713,STEINKJER
4240,7714,STEINKJER
4241,7715,STEINKJER
4242,7716,STEINKJER
4243,7717,STEINKJER
4244,7718,STEINKJER
4245,7724,STEINKJER
4246,7725,STEINKJER
4247,7726,STEINKJER
4248,7729,STEINKJER
4249,7730,BEITSTAD
4250,7732,STEINKJER
4251,7733,SPARBU
4252,7734,STEINKJER
4253,7735,STEINKJER
4254,7736,STEINKJER
4255,7737,STEINKJER
4256,7738,STEINKJER
4257,7739,BEITSTAD
4258,7740,STEINSDALEN
4259,7741,STEINSDALEN
4260,7742,YTTERVÅG
4261,7744,HEPSØY
4262,7745,OPPLAND
4263,7746,HASVÅG
4264,7748,SETER
4265,7750,NAMDALSEID
4266,7751,NAMDALSEID
4267,7760,SNÅSA
4268,7761,SNÅSA
4269,7770,FLATANGER
4270,7771,FLATANGER
4271,7777,NORD-STATLAND
4272,7790,MALM
4273,7791,MALM
4274,7795,FOLLAFOSS
4275,7796,FOLLAFOSS
4276,7797,VERRABOTN
4277,7800,NAMSOS
4278,7801,NAMSOS
4279,7802,NAMSOS
4280,7803,NAMSOS
4281,7804,NAMSOS
4282,7805,NAMSOS
4283,7808,NAMSOS
4284,7810,NAMSOS
4285,7817,SALSNES
4286,7818,LUND
4287,7819,FOSSLANDSOSEN
4288,7820,SPILLUM
4289,7821,SPILLUM
4290,7822,BANGSUND
4291,7823,BANGSUND
4292,7856,JØA
4293,7860,SKAGE I NAMDALEN
4294,7863,OVERHALLA
4295,7864,OVERHALLA
4296,7869,SKAGE I NAMDALEN
4297,7870,GRONG
4298,7871,GRONG
4299,7873,HARRAN
4300,7874,HARRAN
4301,7876,KONGSMOEN
4302,7877,HØYLANDET
4303,7878,HØYLANDET
4304,7881,NORDLI
4305,7882,NORDLI
4306,7884,SØRLI
4307,7885,SØRLI
4308,7890,NAMSSKOGAN
4309,7891,NAMSSKOGAN
4310,7892,TRONES
4311,7893,SKOROVATN
4312,7896,BREKKVASSELV
4313,7897,LIMINGEN
4314,7898,LIMINGEN
4315,7900,RØRVIK
4316,7901,RØRVIK
4317,7902,RØRVIK
4318,7924,AUSTAFJORD
4319,7940,OTTERSØY
4320,7941,OTTERSØY
4321,7944,INDRE NÆRØY
4322,7950,ABELVÆR
4323,7960,SALSBRUKET
4324,7970,KOLVEREID
4325,7971,KOLVEREID
4326,7973,GJERDINGA
4327,7979,TERRÅK
4328,7980,TERRÅK
4329,7981,HARANGSFJORD
4330,7982,BINDALSEIDET
4331,7983,BINDALSEIDET
4332,7985,FOLDEREID
4333,7986,FOLDEREID
4334,7990,NAUSTBUKTA
4335,7993,GUTVIK
4336,7994,LEKA
4337,7995,LEKA
4338,8001,BODØ
4339,8002,BODØ
4340,8003,BODØ
4341,8004,BODØ
4342,8005,BODØ
4343,8006,BODØ
4344,8007,BODØ
4345,8008,BODØ
4346,8009,BODØ
4347,8010,BODØ
4348,8011,BODØ
4349,8012,BODØ
4350,8013,BODØ
4351,8014,BODØ
4352,8015,BODØ
4353,8016,BODØ
4354,8019,BODØ
4355,8020,BODØ
4356,8021,BODØ
4357,8022,BODØ
4358,8023,BODØ
4359,8025,BODØ
4360,8026,BODØ
4361,8027,BODØ
4362,8028,BODØ
4363,8029,BODØ
4364,8030,BODØ
4365,8031,BODØ
4366,8037,BODØ
4367,8038,BODØ
4368,8041,BODØ
4369,8047,BODØ
4370,8048,BODØ
4371,8049,BODØ
4372,8050,TVERLANDET
4373,8056,SALTSTRAUMEN
4374,8057,SALTSTRAUMEN
4375,8058,TVERLANDET
4376,8062,VÆRØY
4377,8063,VÆRØY
4378,8064,RØST
4379,8065,RØST
4380,8070,BODØ
4381,8071,BODØ
4382,8072,BODØ
4383,8073,BODØ
4384,8074,BODØ
4385,8075,BODØ
4386,8076,BODØ
4387,8079,BODØ
4388,8084,BODØ
4389,8085,BODØ
4390,8086,BODØ
4391,8087,BODØ
4392,8088,BODØ
4393,8089,BODØ
4394,8091,BODØ
4395,8092,BODØ
4396,8093,KJERRINGØY
4397,8094,FLEINVÆR
4398,8095,HELLIGVÆR
4399,8096,BLIKSVÆR
4400,8097,GIVÆR
4401,8098,LANDEGODE
4402,8099,JAN MAYEN
4403,8100,MISVÆR
4404,8102,SKJERSTAD
4405,8103,BREIVIK I SALTEN
4406,8108,MISVÆR
4407,8110,MOLDJORD
4408,8114,TOLLÅ
4409,8118,MOLDJORD
4410,8120,NYGÅRDSJØEN
4411,8128,YTRE BEIARN
4412,8130,SANDHORNØY
4413,8134,SØRARNØY
4414,8135,SØRARNØY
4415,8136,NORDARNØY
4416,8138,INNDYR
4417,8140,INNDYR
4418,8145,STORVIK
4419,8146,REIPÅ
4420,8149,NEVERDAL
4421,8150,ØRNES
4422,8151,ØRNES
4423,8157,MELØY
4424,8158,BOLGA
4425,8159,STØTT
4426,8160,GLOMFJORD
4427,8161,GLOMFJORD
4428,8168,ENGAVÅGEN
4429,8170,ENGAVÅGEN
4430,8178,HALSA
4431,8179,HALSA
4432,8181,MYKEN
4433,8182,MELFJORDBOTN
4434,8183,VÅGAHOLMEN
4435,8184,ÅGSKARDET
4436,8185,VÅGAHOLMEN
4437,8186,TJONGSFJORDEN
4438,8187,JEKTVIK
4439,8188,NORDVERNES
4440,8189,GJERSVIKGRENDA
4441,8190,SØRFJORDEN
4442,8192,JEKTVIK
4443,8193,RØDØY
4444,8195,GJERØY
4445,8196,SELSØYVIK
4446,8197,STORSELSØY
4447,8198,NORDNESØY
4448,8200,FAUSKE
4449,8201,FAUSKE
4450,8202,FAUSKE
4451,8203,FAUSKE
4452,8205,FAUSKE
4453,8206,FAUSKE
4454,8207,FAUSKE
4455,8208,FAUSKE
4456,8209,FAUSKE
4457,8210,FAUSKE
4458,8211,FAUSKE
4459,8214,FAUSKE
4460,8215,VALNESFJORD
4461,8218,FAUSKE
4462,8219,FAUSKE
4463,8220,RØSVIK
4464,8226,STRAUMEN
4465,8230,SULITJELMA
4466,8231,SULITJELMA
4467,8232,STRAUMEN
4468,8233,VALNESFJORD
4469,8250,ROGNAN
4470,8251,ROGNAN
4471,8252,ROGNAN
4472,8253,ROGNAN
4473,8255,RØKLAND
4474,8256,RØKLAND
4475,8260,INNHAVET
4476,8261,INNHAVET
4477,8264,ENGAN
4478,8266,MØRSVIKBOTN
4479,8270,DRAG
4480,8271,DRAG
4481,8273,NEVERVIK
4482,8274,MUSKEN
4483,8275,STORJORD I TYSFJORD
4484,8276,ULVSVÅG
4485,8278,STORÅ
4486,8281,LEINESFJORD
4487,8283,LEINESFJORD
4488,8285,LEINES
4489,8286,NORDFOLD
4490,8287,ENGELØYA
4491,8288,BOGØY
4492,8289,ENGELØYA
4493,8290,SKUTVIK
4494,8294,HAMARØY
4495,8297,TRANØY
4496,8298,HAMARØY
4497,8300,SVOLVÆR
4498,8301,SVOLVÆR
4499,8305,SVOLVÆR
4500,8309,KABELVÅG
4501,8310,KABELVÅG
4502,8311,HENNINGSVÆR
4503,8312,HENNINGSVÆR
4504,8313,KLEPPSTAD
4505,8314,GIMSØYSAND
4506,8315,LAUKVIK
4507,8316,LAUPSTAD
4508,8317,STRØNSTAD
4509,8320,SKROVA
4510,8322,BRETTESNES
4511,8323,STORFJELL
4512,8324,DIGERMULEN
4513,8325,TENGELFJORD
4514,8326,MYRLAND
4515,8328,STORMOLLA
4516,8340,STAMSUND
4517,8352,SENNESVIK
4518,8357,VALBERG
4519,8360,BØSTAD
4520,8361,BØSTAD
4521,8370,LEKNES
4522,8372,GRAVDAL
4523,8373,BALLSTAD
4524,8374,BALLSTAD
4525,8376,LEKNES
4526,8377,GRAVDAL
4527,8378,STAMSUND
4528,8380,RAMBERG
4529,8382,NAPP
4530,8384,SUND I LOFOTEN
4531,8385,MØLNARODDEN
4532,8387,FREDVANG
4533,8388,RAMBERG
4534,8390,REINE
4535,8392,SØRVÅGEN
4536,8393,SØRVÅGEN
4537,8398,REINE
4538,8400,SORTLAND
4539,8401,SORTLAND
4540,8402,SORTLAND
4541,8403,SORTLAND
4542,8404,SORTLAND
4543,8405,SORTLAND
4544,8406,SORTLAND
4545,8407,SORTLAND
4546,8408,SORTLAND
4547,8409,GULLESFJORD
4548,8410,LØDINGEN
4549,8411,LØDINGEN
4550,8412,VESTBYGD
4551,8413,KVITNES
4552,8414,HENNES
4553,8415,SORTLAND
4554,8416,SORTLAND
4555,8419,SORTLAND
4556,8426,BARKESTAD
4557,8428,TUNSTAD
4558,8430,MYRE
4559,8432,ALSVÅG
4560,8438,STØ
4561,8439,MYRE
4562,8445,MELBU
4563,8447,LONKAN
4564,8450,STOKMARKNES
4565,8455,STOKMARKNES
4566,8459,MELBU
4567,8465,STRAUMSJØEN
4568,8469,BØ I VESTERÅLEN
4569,8470,BØ I VESTERÅLEN
4570,8475,STRAUMSJØEN
4571,8480,ANDENES
4572,8481,BLEIK
4573,8483,ANDENES
4574,8484,RISØYHAMN
4575,8485,DVERBERG
4576,8488,NØSS
4577,8489,NORDMELA
4578,8493,RISØYHAMN
4579,8501,NARVIK
4580,8502,NARVIK
4581,8503,NARVIK
4582,8504,NARVIK
4583,8505,NARVIK
4584,8506,NARVIK
4585,8507,NARVIK
4586,8508,NARVIK
4587,8509,NARVIK
4588,8510,NARVIK
4589,8512,NARVIK
4590,8513,ANKENES
4591,8514,NARVIK
4592,8515,NARVIK
4593,8516,NARVIK
4594,8517,NARVIK
4595,8518,NARVIK
4596,8519,NARVIK
4597,8520,ANKENES
4598,8521,ANKENES
4599,8522,BEISFJORD
4600,8523,SKJOMEN
4601,8530,BJERKVIK
4602,8531,BJERKVIK
4603,8533,BOGEN I OFOTEN
4604,8534,LILAND
4605,8535,TÅRSTAD
4606,8536,EVENES
4607,8539,BOGEN I OFOTEN
4608,8540,BALLANGEN
4609,8543,KJELDEBOTN
4610,8546,BALLANGEN
4611,8590,KJØPSVIK
4612,8591,KJØPSVIK
4613,8601,MO I RANA
4614,8602,MO I RANA
4615,8603,MO I RANA
4616,8604,MO I RANA
4617,8607,MO I RANA
4618,8608,MO I RANA
4619,8609,MO I RANA
4620,8610,MO I RANA
4621,8611,MO I RANA
4622,8613,MO I RANA
4623,8614,MO I RANA
4624,8615,SKONSENG
4625,8616,MO I RANA
4626,8617,DALSGRENDA
4627,8618,MO I RANA
4628,8619,MO I RANA
4629,8622,MO I RANA
4630,8624,MO I RANA
4631,8626,MO I RANA
4632,8630,STORFORSHEIA
4633,8638,STORFORSHEIA
4634,8640,HEMNESBERGET
4635,8641,HEMNESBERGET
4636,8642,FINNEIDFJORD
4637,8643,BJERKA
4638,8644,BJERKA
4639,8646,KORGEN
4640,8647,BLEIKVASSLIA
4641,8648,KORGEN
4642,8651,MOSJØEN
4643,8652,MOSJØEN
4644,8654,MOSJØEN
4645,8655,MOSJØEN
4646,8656,MOSJØEN
4647,8657,MOSJØEN
4648,8658,MOSJØEN
4649,8659,MOSJØEN
4650,8660,MOSJØEN
4651,8661,MOSJØEN
4652,8663,MOSJØEN
4653,8664,MOSJØEN
4654,8665,MOSJØEN
4655,8666,MOSJØEN
4656,8672,ELSFJORD
4657,8681,TROFORS
4658,8682,TROFORS
4659,8683,TROFORS
4660,8684,TROFORS
4661,8685,TROFORS
4662,8691,HATTFJELLDAL
4663,8692,HATTFJELLDAL
4664,8693,HATTFJELLDAL
4665,8694,HATTFJELLDAL
4666,8695,HATTFJELLDAL
4667,8696,HATTFJELLDAL
4668,8700,NESNA
4669,8701,NESNA
4670,8720,VIKHOLMEN
4671,8723,HUSBY
4672,8724,SAURA
4673,8725,UTSKARPEN
4674,8730,BRATLAND
4675,8732,ALDRA
4676,8733,STUVLAND
4677,8735,STOKKVÅGEN
4678,8740,NORD-SOLVÆR
4679,8742,SELVÆR
4680,8743,INDRE KVARØY
4681,8750,TONNES
4682,8752,KONSVIKOSEN
4683,8753,KONSVIKOSEN
4684,8754,ØRESVIK
4685,8762,SLENESET
4686,8764,LOVUND
4687,8766,LURØY
4688,8770,TRÆNA
4689,8800,SANDNESSJØEN
4690,8801,SANDNESSJØEN
4691,8802,SANDNESSJØEN
4692,8803,SANDNESSJØEN
4693,8804,SANDNESSJØEN
4694,8805,SANDNESSJØEN
4695,8809,SANDNESSJØEN
4696,8813,LØKTA
4697,8820,DØNNA
4698,8827,DØNNA
4699,8830,VANDVE
4700,8842,BRASØY
4701,8844,SANDVÆR
4702,8850,HERØY
4703,8851,HERØY
4704,8852,HERØY
4705,8854,AUSTBØ
4706,8860,TJØTTA
4707,8861,TJØTTA
4708,8865,TRO
4709,8870,VISTHUS
4710,8880,BÆRØYVÅGEN
4711,8890,LEIRFJORD
4712,8891,LEIRFJORD
4713,8892,SUNDØY
4714,8897,BARDAL
4715,8900,BRØNNØYSUND
4716,8901,BRØNNØYSUND
4717,8902,BRØNNØYSUND
4718,8904,BRØNNØYSUND
4719,8905,BRØNNØYSUND
4720,8906,BRØNNØYSUND
4721,8907,BRØNNØYSUND
4722,8908,BRØNNØYSUND
4723,8909,BRØNNØYSUND
4724,8910,BRØNNØYSUND
4725,8920,SØMNA
4726,8921,SØMNA
4727,8922,SØMNA
4728,8960,VELFJORD
4729,8961,VELFJORD
4730,8976,VEVELSTAD
4731,8977,VEVELSTAD
4732,8981,VEGA
4733,8982,VEGA
4734,8983,VEGA
4735,8984,VEGA
4736,8985,YLVINGEN
4737,8986,VEGA
4738,9006,TROMSØ
4739,9007,TROMSØ
4740,9008,TROMSØ
4741,9009,TROMSØ
4742,9010,TROMSØ
4743,9011,TROMSØ
4744,9012,TROMSØ
4745,9013,TROMSØ
4746,9014,TROMSØ
4747,9015,TROMSØ
4748,9016,TROMSØ
4749,9017,TROMSØ
4750,9018,TROMSØ
4751,9019,TROMSØ
4752,9020,TROMSDALEN
4753,9021,TROMSDALEN
4754,9022,KROKELVDALEN
4755,9023,KROKELVDALEN
4756,9024,TOMASJORD
4757,9027,RAMFJORDBOTN
4758,9029,TROMSDALEN
4759,9030,SJURSNES
4760,9034,OLDERVIK
4761,9037,TROMSØ
4762,9038,TROMSØ
4763,9040,NORDKJOSBOTN
4764,9042,LAKSVATN
4765,9043,JØVIK
4766,9045,LAKSELVBUKT
4767,9046,OTEREN
4768,9049,NORDKJOSBOTN
4769,9050,STORSTEINNES
4770,9055,MEISTERVIK
4771,9056,MORTENHALS
4772,9057,VIKRAN
4773,9059,STORSTEINNES
4774,9060,LYNGSEIDET
4775,9062,FURUFLATEN
4776,9064,SVENSBY
4777,9068,NORD-LENANGEN
4778,9069,LYNGSEIDET
4779,9100,KVALØYSLETTA
4780,9101,KVALØYSLETTA
4781,9102,KVALØYSLETTA
4782,9103,KVALØYA
4783,9104,KVALØYA
4784,9105,KVALØYA
4785,9106,STRAUMSBUKTA
4786,9107,KVALØYA
4787,9108,KVALØYA
4788,9109,KVALØYA
4789,9110,SOMMARØY
4790,9118,BRENSHOLMEN
4791,9119,SOMMARØY
4792,9120,VENGSØY
4793,9128,TUSSØY
4794,9130,HANSNES
4795,9131,KÅRVIK
4796,9132,STAKKVIK
4797,9134,HANSNES
4798,9135,VANNVÅG
4799,9136,VANNAREID
4800,9137,VANNVÅG
4801,9138,KARLSØY
4802,9140,REBBENES
4803,9141,MJØLVIK
4804,9142,SKIBOTN
4805,9143,SKIBOTN
4806,9144,SAMUELSBERG
4807,9145,SAMUELSBERG
4808,9146,OLDERDALEN
4809,9147,BIRTAVARRE
4810,9148,OLDERDALEN
4811,9149,BIRTAVARRE
4812,9151,STORSLETT
4813,9152,SØRKJOSEN
4814,9153,ROTSUND
4815,9154,STORSLETT
4816,9155,SØRKJOSEN
4817,9156,STORSLETT
4818,9157,STORSLETT
4819,9158,STORSLETT
4820,9159,HAVNNES
4821,9161,BURFJORD
4822,9162,SØRSTRAUMEN
4823,9163,JØKELFJORD
4824,9169,BURFJORD
4825,9170,LONGYEARBYEN
4826,9171,LONGYEARBYEN
4827,9173,NY-ÅLESUND
4828,9174,HOPEN
4829,9175,SVEAGRUVA
4830,9176,BJØRNØYA
4831,9178,BARENTSBURG
4832,9180,SKJERVØY
4833,9181,HAMNEIDET
4834,9182,SEGLVIK
4835,9184,REINFJORD
4836,9185,SPILDRA
4837,9186,ANDSNES
4838,9187,VALANHAMN
4839,9189,SKJERVØY
4840,9190,AKKARVIK
4841,9192,ARNØYHAMN
4842,9193,NIKKEBY
4843,9194,LAUKSLETTA
4844,9195,ÅRVIKSAND
4845,9197,ULØYBUKT
4846,9240,TROMSØ
4847,9251,TROMSØ
4848,9252,TROMSØ
4849,9253,TROMSØ
4850,9254,TROMSØ
4851,9255,TROMSØ
4852,9256,TROMSØ
4853,9257,TROMSØ
4854,9258,TROMSØ
4855,9259,TROMSØ
4856,9260,TROMSØ
4857,9261,TROMSØ
4858,9262,TROMSØ
4859,9263,TROMSØ
4860,9265,TROMSØ
4861,9266,TROMSØ
4862,9267,TROMSØ
4863,9268,TROMSØ
4864,9269,TROMSØ
4865,9270,TROMSØ
4866,9271,TROMSØ
4867,9272,TROMSØ
4868,9273,TROMSØ
4869,9274,TROMSØ
4870,9275,TROMSØ
4871,9276,TROMSØ
4872,9277,TROMSØ
4873,9278,TROMSØ
4874,9279,TROMSØ
4875,9280,TROMSØ
4876,9281,TROMSØ
4877,9282,TROMSØ
4878,9283,TROMSØ
4879,9284,TROMSØ
4880,9285,TROMSØ
4881,9286,TROMSØ
4882,9287,TROMSØ
4883,9288,TROMSØ
4884,9290,TROMSØ
4885,9291,TROMSØ
4886,9292,TROMSØ
4887,9293,TROMSØ
4888,9294,TROMSØ
4889,9296,TROMSØ
4890,9298,TROMSØ
4891,9299,TROMSØ
4892,9300,FINNSNES
4893,9302,ROSSFJORDSTRAUMEN
4894,9303,SILSAND
4895,9304,VANGSVIK
4896,9305,FINNSNES
4897,9306,FINNSNES
4898,9307,FINNSNES
4899,9308,FINNSNES
4900,9309,FINNSNES
4901,9310,SØRREISA
4902,9311,BRØSTADBOTN
4903,9315,SØRREISA
4904,9316,BRØSTADBOTN
4905,9321,MOEN
4906,9322,KARLSTAD
4907,9325,BARDUFOSS
4908,9326,BARDUFOSS
4909,9329,MOEN
4910,9334,ØVERBYGD
4911,9335,ØVERBYGD
4912,9336,RUNDHAUG
4913,9350,SJØVEGAN
4914,9355,SJØVEGAN
4915,9357,TENNEVOLL
4916,9358,TENNEVOLL
4917,9360,BARDU
4918,9365,BARDU
4919,9370,SILSAND
4920,9372,GIBOSTAD
4921,9373,BOTNHAMN
4922,9376,SKATVIK
4923,9379,GRYLLEFJORD
4924,9380,GRYLLEFJORD
4925,9381,TORSKEN
4926,9382,GIBOSTAD
4927,9384,SKALAND
4928,9385,SKALAND
4929,9386,SENJAHOPEN
4930,9387,SENJAHOPEN
4931,9388,FJORDGARD
4932,9389,HUSØY I SENJA
4933,9391,STONGLANDSEIDET
4934,9392,STONGLANDSEIDET
4935,9393,FLAKSTADVÅG
4936,9395,KALDFARNES
4937,9402,HARSTAD
4938,9403,HARSTAD
4939,9404,HARSTAD
4940,9405,HARSTAD
4941,9406,HARSTAD
4942,9407,HARSTAD
4943,9408,HARSTAD
4944,9409,HARSTAD
4945,9411,HARSTAD
4946,9414,HARSTAD
4947,9415,HARSTAD
4948,9416,HARSTAD
4949,9419,SØRVIK
4950,9420,LUNDENES
4951,9423,GRØTAVÆR
4952,9424,KJØTTA
4953,9425,SANDSØY
4954,9426,BJARKØY
4955,9427,MELØYVÆR
4956,9430,SANDTORG
4957,9436,KONGSVIK
4958,9439,EVENSKJER
4959,9440,EVENSKJER
4960,9441,FJELLDAL
4961,9442,RAMSUND
4962,9443,MYKLEBOSTAD
4963,9444,HOL I TJELDSUND
4964,9445,TOVIK
4965,9446,GROVFJORD
4966,9447,GROVFJORD
4967,9448,RAMSUND
4968,9450,HAMNVIK
4969,9451,HAMNVIK
4970,9453,KRÅKRØHAMN
4971,9454,ÅNSTAD
4972,9455,ENGENES
4973,9456,ENGENES
4974,9470,GRATANGEN
4975,9471,GRATANGEN
4976,9475,BORKENES
4977,9476,BORKENES
4978,9479,HARSTAD
4979,9480,HARSTAD
4980,9481,HARSTAD
4981,9482,HARSTAD
4982,9483,HARSTAD
4983,9484,HARSTAD
4984,9485,HARSTAD
4985,9486,HARSTAD
4986,9487,HARSTAD
4987,9488,HARSTAD
4988,9489,HARSTAD
4989,9496,HARSTAD
4990,9497,HARSTAD
4991,9498,HARSTAD
4992,9501,ALTA
4993,9502,ALTA
4994,9503,ALTA
4995,9504,ALTA
4996,9505,ALTA
4997,9506,ALTA
4998,9507,ALTA
4999,9508,ALTA
5000,9509,ALTA
5001,9510,ALTA
5002,9511,ALTA
5003,9512,ALTA
5004,9513,ALTA
5005,9514,ALTA
5006,9515,ALTA
5007,9516,ALTA
5008,9517,ALTA
5009,9518,ALTA
5010,9519,KVIBY
5011,9520,KAUTOKEINO
5012,9521,KAUTOKEINO
5013,9522,KAUTOKEINO
5014,9523,KAUTOKEINO
5015,9524,KAUTOKEINO
5016,9525,MAZE
5017,9527,KAUTOKEINO
5018,9528,KAUTOKEINO
5019,9529,KAUTOKEINO
5020,9531,KVALFJORD
5021,9532,HAKKSTABBEN
5022,9533,KONGSHUS
5023,9536,KORSFJORDEN
5024,9537,TVERRELVDALEN
5025,9538,ALTA
5026,9540,TALVIK
5027,9541,ALTA
5028,9545,LANGFJORDBOTN
5029,9550,ØKSFJORD
5030,9552,ØKSFJORDEN
5031,9580,BERGSFJORD
5032,9582,NUVSVÅG
5033,9583,LANGFJORDHAMN
5034,9584,SØR-TVERRFJORD
5035,9585,SANDLAND
5036,9586,LOPPA
5037,9587,SKAVNAKK
5038,9590,HASVIK
5039,9591,HASVIK
5040,9593,BREIVIKBOTN
5041,9595,SØRVÆR
5042,9600,HAMMERFEST
5043,9601,HAMMERFEST
5044,9602,HAMMERFEST
5045,9603,HAMMERFEST
5046,9609,NORDRE SEILAND
5047,9610,RYPEFJORD
5048,9611,RYPEFJORD
5049,9612,FORSØL
5050,9615,HAMMERFEST
5051,9616,HAMMERFEST
5052,9620,KVALSUND
5053,9621,KVALSUND
5054,9624,REVSNESHAMN
5055,9650,AKKARFJORD
5056,9651,LANGSTRAND
5057,9657,KÅRHAMN
5058,9664,SANDØYBOTN
5059,9670,TUFJORD
5060,9672,INGØY
5061,9690,HAVØYSUND
5062,9691,HAVØYSUND
5063,9692,MÅSØY
5064,9700,LAKSELV
5065,9709,PORSANGMOEN
5066,9710,INDRE BILLEFJORD
5067,9711,LAKSELV
5068,9712,LAKSELV
5069,9713,RUSSENES
5070,9714,SNEFJORD
5071,9715,KOKELV
5072,9716,BØRSELV
5073,9717,VEIDNESKLUBBEN
5074,9722,SKOGANVARRE
5075,9730,KARASJOK
5076,9731,KARASJOK
5077,9732,KARASJOK
5078,9733,KARASJOK
5079,9734,KARASJOK
5080,9735,KARASJOK
5081,9736,KARASJOK
5082,9737,KARASJOK
5083,9740,LEBESBY
5084,9742,KUNES
5085,9750,HONNINGSVÅG
5086,9751,HONNINGSVÅG
5087,9760,NORDVÅGEN
5088,9762,KAMØYVÆR
5089,9763,SKARSVÅG
5090,9764,NORDKAPP
5091,9765,GJESVÆR
5092,9766,SARNES
5093,9768,REPVÅG
5094,9770,MEHAMN
5095,9771,SKJÅNES
5096,9772,LANGFJORDNES
5097,9773,NERVEI
5098,9775,GAMVIK
5099,9782,DYFJORD
5100,9790,KJØLLEFJORD
5101,9800,VADSØ
5102,9801,VADSØ
5103,9802,VESTRE JAKOBSELV
5104,9803,VADSØ
5105,9804,VADSØ
5106,9810,VESTRE JAKOBSELV
5107,9811,VADSØ
5108,9815,VADSØ
5109,9820,VARANGERBOTN
5110,9826,SIRMA
5111,9840,VARANGERBOTN
5112,9841,TANA
5113,9842,TANA
5114,9843,TANA
5115,9844,TANA
5116,9845,TANA
5117,9846,TANA
5118,9900,KIRKENES
5119,9901,KIRKENES
5120,9910,BJØRNEVATN
5121,9911,JARFJORD
5122,9912,HESSENG
5123,9914,BJØRNEVATN
5124,9915,KIRKENES
5125,9916,HESSENG
5126,9917,KIRKENES
5127,9925,SVANVIK
5128,9926,PASVIK
5129,9930,NEIDEN
5130,9935,BUGØYNES
5131,9950,VARDØ
5132,9951,VARDØ
5133,9960,KIBERG
5134,9980,BERLEVÅG
5135,9981,BERLEVÅG
5136,9982,KONGSFJORD
5137,9990,BÅTSFJORD
5138,9991,BÅTSFJORD
